Harga_Angka,RAM,Memori_Internal,Layar_Ukuran,Refresh,Baterai,Charger,Kamera_MP,Umur_HP,Chipset_Skor,Brand_ADVAN,Brand_APPLE,Brand_ASUS,Brand_HONOR,Brand_HUAWEI,Brand_INFINIX,Brand_MOTOROLA,Brand_OPPO,Brand_REALME,Brand_SAMSUNG,Brand_TECNO,Brand_VIVO,Brand_XIAOMI,Brand_ZTE
0.04600484261501211,0.23809523809523808,0.0967741935483871,0.06705882352941184,0.48,0.21052631578947367,0.24347826086956523,0.23076923076923075,0.2,0.5,1.0,0.0,0.0,0.0,0.0,0.0,0.0,0.0,0.0,0.0,0.0,0.0,0.0,0.0
0.016949152542372878,0.23809523809523808,0.03225806451612903,0.08000000000000007,0.48,0.21052631578947367,0.11304347826086958,0.30256410256410254,0.2,0.0,1.0,0.0,0.0,0.0,0.0,0.0,0.0,0.0,0.0,0.0,0.0,0.0,0.0,0.0
0.0024213075060532663,0.047619047619047616,0.0,0.47058823529411775,0.0,0.21052631578947367,0.043478260869565216,0.0,0.4,0.0,1.0,0.0,0.0,0.0,0.0,0.0,0.0,0.0,0.0,0.0,0.0,0.0,0.0,0.0
0.016949152542372878,0.047619047619047616,0.03225806451612903,0.47058823529411775,0.0,0.354066985645933,0.043478260869565216,0.015384615384615385,0.4,0.0,1.0,0.0,0.0,0.0,0.0,0.0,0.0,0.0,0.0,0.0,0.0,0.0,0.0,0.0
0.029055690072639223,0.14285714285714285,0.03225806451612903,0.47058823529411775,0.0,0.3301435406698564,0.043478260869565216,0.015384615384615385,0.6000000000000001,0.0,1.0,0.0,0.0,0.0,0.0,0.0,0.0,0.0,0.0,0.0,0.0,0.0,0.0,0.0
0.03389830508474576,0.23809523809523808,0.03225806451612903,0.47058823529411775,0.0,0.3301435406698564,0.043478260869565216,0.015384615384615385,0.6000000000000001,0.0,1.0,0.0,0.0,0.0,0.0,0.0,0.0,0.0,0.0,0.0,0.0,0.0,0.0,0.0
0.5036319612590799,1.0,0.4838709677419355,0.08000000000000007,1.0,0.30622009569377995,0.5217391304347826,0.23076923076923075,0.4,1.0,0.0,0.0,1.0,0.0,0.0,0.0,0.0,0.0,0.0,0.0,0.0,0.0,0.0,0.0
0.26150121065375304,0.6190476190476191,0.22580645161290322,0.08000000000000007,1.0,0.30622009569377995,0.5217391304347826,0.23076923076923075,0.4,1.0,0.0,0.0,1.0,0.0,0.0,0.0,0.0,0.0,0.0,0.0,0.0,0.0,0.0,0.0
0.14043583535108958,0.42857142857142855,0.0967741935483871,0.08000000000000007,1.0,0.2703349282296651,0.5217391304347826,0.23076923076923075,0.2,1.0,0.0,0.0,1.0,0.0,0.0,0.0,0.0,0.0,0.0,0.0,0.0,0.0,0.0,0.0
0.16464891041162227,0.42857142857142855,0.22580645161290322,0.08000000000000007,1.0,0.2703349282296651,0.5217391304347826,0.23076923076923075,0.2,1.0,0.0,0.0,1.0,0.0,0.0,0.0,0.0,0.0,0.0,0.0,0.0,0.0,0.0,0.0
0.15254237288135594,0.42857142857142855,0.0967741935483871,0.08000000000000007,0.6720000000000002,0.2703349282296651,0.5217391304347826,0.23076923076923075,0.4,1.0,0.0,0.0,1.0,0.0,0.0,0.0,0.0,0.0,0.0,0.0,0.0,0.0,0.0,0.0
0.20096852300242132,0.6190476190476191,0.22580645161290322,0.08000000000000007,0.6720000000000002,0.2703349282296651,0.5217391304347826,0.23076923076923075,0.4,1.0,0.0,0.0,1.0,0.0,0.0,0.0,0.0,0.0,0.0,0.0,0.0,0.0,0.0,0.0
0.46731234866828086,0.42857142857142855,0.0967741935483871,0.5764705882352943,0.48,0.5885167464114832,0.20869565217391303,0.0358974358974359,0.2,0.0,0.0,1.0,0.0,0.0,0.0,0.0,0.0,0.0,0.0,0.0,0.0,0.0,0.0,0.0
0.5641646489104116,0.42857142857142855,0.22580645161290322,0.5764705882352943,0.48,0.5885167464114832,0.20869565217391303,0.0358974358974359,0.2,0.0,0.0,1.0,0.0,0.0,0.0,0.0,0.0,0.0,0.0,0.0,0.0,0.0,0.0,0.0
0.7578692493946732,0.6190476190476191,0.4838709677419355,0.5764705882352943,0.48,0.5885167464114832,0.20869565217391303,0.0358974358974359,0.2,0.0,0.0,1.0,0.0,0.0,0.0,0.0,0.0,0.0,0.0,0.0,0.0,0.0,0.0,0.0
0.9394673123486683,0.6190476190476191,1.0,0.5764705882352943,0.48,0.5885167464114832,0.20869565217391303,0.0358974358974359,0.2,0.0,0.0,1.0,0.0,0.0,0.0,0.0,0.0,0.0,0.0,0.0,0.0,0.0,0.0,0.0
0.13317191283292978,0.14285714285714285,0.03225806451612903,0.5764705882352943,0.0,0.5222488038277512,0.13043478260869565,0.0358974358974359,0.2,1.0,0.0,1.0,0.0,0.0,0.0,0.0,0.0,0.0,0.0,0.0,0.0,0.0,0.0,0.0
0.18159806295399517,0.14285714285714285,0.0967741935483871,0.5764705882352943,0.0,0.5222488038277512,0.13043478260869565,0.0358974358974359,0.2,1.0,0.0,1.0,0.0,0.0,0.0,0.0,0.0,0.0,0.0,0.0,0.0,0.0,0.0,0.0
0.2784503631961259,0.14285714285714285,0.22580645161290322,0.5764705882352943,0.0,0.5222488038277512,0.13043478260869565,0.0358974358974359,0.2,1.0,0.0,1.0,0.0,0.0,0.0,0.0,0.0,0.0,0.0,0.0,0.0,0.0,0.0,0.0
0.3280871670702179,0.23809523809523808,0.03225806451612903,0.8117647058823529,0.0,0.7733253588516747,0.13043478260869565,0.0358974358974359,0.2,1.0,0.0,1.0,0.0,0.0,0.0,0.0,0.0,0.0,0.0,0.0,0.0,0.0,0.0,0.0
0.38861985472154964,0.23809523809523808,0.0967741935483871,0.8117647058823529,0.0,0.7733253588516747,0.13043478260869565,0.0358974358974359,0.2,1.0,0.0,1.0,0.0,0.0,0.0,0.0,0.0,0.0,0.0,0.0,0.0,0.0,0.0,0.0
0.48547215496368035,0.23809523809523808,0.22580645161290322,0.8117647058823529,0.0,0.7733253588516747,0.13043478260869565,0.0358974358974359,0.2,1.0,0.0,1.0,0.0,0.0,0.0,0.0,0.0,0.0,0.0,0.0,0.0,0.0,0.0,0.0
0.5823244552058111,0.23809523809523808,0.4838709677419355,0.8117647058823529,0.0,0.7733253588516747,0.13043478260869565,0.0358974358974359,0.2,1.0,0.0,1.0,0.0,0.0,0.0,0.0,0.0,0.0,0.0,0.0,0.0,0.0,0.0,0.0
0.2433414043583535,0.23809523809523808,0.03225806451612903,0.5764705882352943,0.0,0.5222488038277512,0.13043478260869565,0.0358974358974359,0.2,1.0,0.0,1.0,0.0,0.0,0.0,0.0,0.0,0.0,0.0,0.0,0.0,0.0,0.0,0.0
0.2917675544794189,0.23809523809523808,0.0967741935483871,0.5764705882352943,0.0,0.5222488038277512,0.13043478260869565,0.0358974358974359,0.2,1.0,0.0,1.0,0.0,0.0,0.0,0.0,0.0,0.0,0.0,0.0,0.0,0.0,0.0,0.0
0.38861985472154964,0.23809523809523808,0.22580645161290322,0.5764705882352943,0.0,0.5222488038277512,0.13043478260869565,0.0358974358974359,0.2,1.0,0.0,1.0,0.0,0.0,0.0,0.0,0.0,0.0,0.0,0.0,0.0,0.0,0.0,0.0
0.4975786924939467,0.23809523809523808,0.4838709677419355,0.5764705882352943,0.0,0.5222488038277512,0.13043478260869565,0.0358974358974359,0.2,1.0,0.0,1.0,0.0,0.0,0.0,0.0,0.0,0.0,0.0,0.0,0.0,0.0,0.0,0.0
0.20581113801452786,0.14285714285714285,0.03225806451612903,0.5764705882352943,0.0,0.5222488038277512,0.13043478260869565,0.0358974358974359,0.2,1.0,0.0,1.0,0.0,0.0,0.0,0.0,0.0,0.0,0.0,0.0,0.0,0.0,0.0,0.0
0.2542372881355932,0.14285714285714285,0.0967741935483871,0.5764705882352943,0.0,0.5222488038277512,0.13043478260869565,0.0358974358974359,0.2,1.0,0.0,1.0,0.0,0.0,0.0,0.0,0.0,0.0,0.0,0.0,0.0,0.0,0.0,0.0
0.35108958837772397,0.14285714285714285,0.22580645161290322,0.5764705882352943,0.0,0.5222488038277512,0.13043478260869565,0.0358974358974359,0.2,1.0,0.0,1.0,0.0,0.0,0.0,0.0,0.0,0.0,0.0,0.0,0.0,0.0,0.0,0.0
0.42493946731234866,0.23809523809523808,0.03225806451612903,0.8117647058823529,0.0,0.7733253588516747,0.13043478260869565,0.0358974358974359,0.2,1.0,0.0,1.0,0.0,0.0,0.0,0.0,0.0,0.0,0.0,0.0,0.0,0.0,0.0,0.0
0.4733656174334141,0.23809523809523808,0.0967741935483871,0.8117647058823529,0.0,0.7733253588516747,0.13043478260869565,0.0358974358974359,0.2,1.0,0.0,1.0,0.0,0.0,0.0,0.0,0.0,0.0,0.0,0.0,0.0,0.0,0.0,0.0
0.5702179176755447,0.23809523809523808,0.22580645161290322,0.8117647058823529,0.0,0.7733253588516747,0.13043478260869565,0.0358974358974359,0.2,1.0,0.0,1.0,0.0,0.0,0.0,0.0,0.0,0.0,0.0,0.0,0.0,0.0,0.0,0.0
0.6670702179176755,0.23809523809523808,0.4838709677419355,0.8117647058823529,0.0,0.7733253588516747,0.13043478260869565,0.0358974358974359,0.2,1.0,0.0,1.0,0.0,0.0,0.0,0.0,0.0,0.0,0.0,0.0,0.0,0.0,0.0,0.0
0.3159806295399516,0.23809523809523808,0.03225806451612903,0.5764705882352943,0.0,0.5222488038277512,0.13043478260869565,0.0358974358974359,0.2,1.0,0.0,1.0,0.0,0.0,0.0,0.0,0.0,0.0,0.0,0.0,0.0,0.0,0.0,0.0
0.364406779661017,0.23809523809523808,0.0967741935483871,0.5764705882352943,0.0,0.5222488038277512,0.13043478260869565,0.0358974358974359,0.2,1.0,0.0,1.0,0.0,0.0,0.0,0.0,0.0,0.0,0.0,0.0,0.0,0.0,0.0,0.0
0.4612590799031477,0.23809523809523808,0.22580645161290322,0.5764705882352943,0.0,0.5222488038277512,0.13043478260869565,0.0358974358974359,0.2,1.0,0.0,1.0,0.0,0.0,0.0,0.0,0.0,0.0,0.0,0.0,0.0,0.0,0.0,0.0
0.576271186440678,0.23809523809523808,0.4838709677419355,0.5764705882352943,0.0,0.5222488038277512,0.13043478260869565,0.0358974358974359,0.2,1.0,0.0,1.0,0.0,0.0,0.0,0.0,0.0,0.0,0.0,0.0,0.0,0.0,0.0,0.0
0.2312348668280872,0.23809523809523808,0.03225806451612903,0.0,0.0,0.004665071770334928,0.13043478260869565,0.22051282051282053,0.2,1.0,0.0,1.0,0.0,0.0,0.0,0.0,0.0,0.0,0.0,0.0,0.0,0.0,0.0,0.0
0.2917675544794189,0.23809523809523808,0.0967741935483871,0.0,0.0,0.004665071770334928,0.13043478260869565,0.22051282051282053,0.2,1.0,0.0,1.0,0.0,0.0,0.0,0.0,0.0,0.0,0.0,0.0,0.0,0.0,0.0,0.0
0.38861985472154964,0.23809523809523808,0.22580645161290322,0.0,0.0,0.004665071770334928,0.13043478260869565,0.22051282051282053,0.2,1.0,0.0,1.0,0.0,0.0,0.0,0.0,0.0,0.0,0.0,0.0,0.0,0.0,0.0,0.0
0.3946731234866828,0.23809523809523808,0.03225806451612903,0.09411764705882364,0.48,0.17284688995215314,0.17391304347826086,0.22051282051282053,0.4,1.0,0.0,1.0,0.0,0.0,0.0,0.0,0.0,0.0,0.0,0.0,0.0,0.0,0.0,0.0
0.46731234866828086,0.23809523809523808,0.0967741935483871,0.09411764705882364,0.48,0.17284688995215314,0.17391304347826086,0.22051282051282053,0.4,1.0,0.0,1.0,0.0,0.0,0.0,0.0,0.0,0.0,0.0,0.0,0.0,0.0,0.0,0.0
0.5520581113801453,0.23809523809523808,0.22580645161290322,0.09411764705882364,0.48,0.17284688995215314,0.17391304347826086,0.22051282051282053,0.4,1.0,0.0,1.0,0.0,0.0,0.0,0.0,0.0,0.0,0.0,0.0,0.0,0.0,0.0,0.0
0.648910411622276,0.23809523809523808,0.4838709677419355,0.09411764705882364,0.48,0.17284688995215314,0.17391304347826086,0.22051282051282053,0.4,1.0,0.0,1.0,0.0,0.0,0.0,0.0,0.0,0.0,0.0,0.0,0.0,0.0,0.0,0.0
0.3946731234866828,0.23809523809523808,0.03225806451612903,0.02352941176470591,0.48,0.040909090909090895,0.17391304347826086,0.22051282051282053,0.4,1.0,0.0,1.0,0.0,0.0,0.0,0.0,0.0,0.0,0.0,0.0,0.0,0.0,0.0,0.0
0.4552058111380145,0.23809523809523808,0.0967741935483871,0.02352941176470591,0.48,0.040909090909090895,0.17391304347826086,0.22051282051282053,0.4,1.0,0.0,1.0,0.0,0.0,0.0,0.0,0.0,0.0,0.0,0.0,0.0,0.0,0.0,0.0
0.5399515738498789,0.23809523809523808,0.22580645161290322,0.02352941176470591,0.48,0.040909090909090895,0.17391304347826086,0.22051282051282053,0.4,1.0,0.0,1.0,0.0,0.0,0.0,0.0,0.0,0.0,0.0,0.0,0.0,0.0,0.0,0.0
0.648910411622276,0.23809523809523808,0.4838709677419355,0.02352941176470591,0.48,0.040909090909090895,0.17391304347826086,0.22051282051282053,0.4,1.0,0.0,1.0,0.0,0.0,0.0,0.0,0.0,0.0,0.0,0.0,0.0,0.0,0.0,0.0
0.38256658595641646,0.23809523809523808,0.03225806451612903,0.07058823529411773,0.0,0.17153110047846887,0.17391304347826086,0.22051282051282053,0.4,1.0,0.0,1.0,0.0,0.0,0.0,0.0,0.0,0.0,0.0,0.0,0.0,0.0,0.0,0.0
0.437046004842615,0.23809523809523808,0.0967741935483871,0.07058823529411773,0.0,0.17153110047846887,0.17391304347826086,0.22051282051282053,0.4,1.0,0.0,1.0,0.0,0.0,0.0,0.0,0.0,0.0,0.0,0.0,0.0,0.0,0.0,0.0
0.5278450363196125,0.23809523809523808,0.22580645161290322,0.07058823529411773,0.0,0.17153110047846887,0.17391304347826086,0.22051282051282053,0.4,1.0,0.0,1.0,0.0,0.0,0.0,0.0,0.0,0.0,0.0,0.0,0.0,0.0,0.0,0.0
0.3341404358353511,0.23809523809523808,0.03225806451612903,0.0,0.0,0.038277511961722466,0.17391304347826086,0.22051282051282053,0.4,1.0,0.0,1.0,0.0,0.0,0.0,0.0,0.0,0.0,0.0,0.0,0.0,0.0,0.0,0.0
0.38256658595641646,0.23809523809523808,0.0967741935483871,0.0,0.0,0.038277511961722466,0.17391304347826086,0.22051282051282053,0.4,1.0,0.0,1.0,0.0,0.0,0.0,0.0,0.0,0.0,0.0,0.0,0.0,0.0,0.0,0.0
0.4794188861985472,0.23809523809523808,0.22580645161290322,0.0,0.0,0.038277511961722466,0.17391304347826086,0.22051282051282053,0.4,1.0,0.0,1.0,0.0,0.0,0.0,0.0,0.0,0.0,0.0,0.0,0.0,0.0,0.0,0.0
0.2675544794188862,0.23809523809523808,0.03225806451612903,0.2588235294117649,0.0,0.21985645933014353,0.043478260869565216,0.0358974358974359,0.4,1.0,0.0,1.0,0.0,0.0,0.0,0.0,0.0,0.0,0.0,0.0,0.0,0.0,0.0,0.0
0.3159806295399516,0.23809523809523808,0.0967741935483871,0.2588235294117649,0.0,0.21985645933014353,0.043478260869565216,0.0358974358974359,0.4,1.0,0.0,1.0,0.0,0.0,0.0,0.0,0.0,0.0,0.0,0.0,0.0,0.0,0.0,0.0
0.4128329297820823,0.23809523809523808,0.22580645161290322,0.2588235294117649,0.0,0.21985645933014353,0.043478260869565216,0.0358974358974359,0.4,1.0,0.0,1.0,0.0,0.0,0.0,0.0,0.0,0.0,0.0,0.0,0.0,0.0,0.0,0.0
0.19854721549636803,0.23809523809523808,0.03225806451612903,0.2588235294117649,0.0,0.21985645933014353,0.043478260869565216,0.0358974358974359,0.4,1.0,0.0,1.0,0.0,0.0,0.0,0.0,0.0,0.0,0.0,0.0,0.0,0.0,0.0,0.0
0.2457627118644068,0.23809523809523808,0.0967741935483871,0.2588235294117649,0.0,0.21985645933014353,0.043478260869565216,0.0358974358974359,0.4,1.0,0.0,1.0,0.0,0.0,0.0,0.0,0.0,0.0,0.0,0.0,0.0,0.0,0.0,0.0
0.34261501210653755,0.23809523809523808,0.22580645161290322,0.2588235294117649,0.0,0.21985645933014353,0.043478260869565216,0.0358974358974359,0.4,1.0,0.0,1.0,0.0,0.0,0.0,0.0,0.0,0.0,0.0,0.0,0.0,0.0,0.0,0.0
0.5278450363196125,0.23809523809523808,0.0967741935483871,0.8117647058823529,0.48,0.8492822966507177,0.13043478260869565,0.0358974358974359,0.4,1.0,0.0,1.0,0.0,0.0,0.0,0.0,0.0,0.0,0.0,0.0,0.0,0.0,0.0,0.0
0.612590799031477,0.23809523809523808,0.22580645161290322,0.8117647058823529,0.48,0.8492822966507177,0.13043478260869565,0.0358974358974359,0.4,1.0,0.0,1.0,0.0,0.0,0.0,0.0,0.0,0.0,0.0,0.0,0.0,0.0,0.0,0.0
0.8062953995157385,0.6190476190476191,0.4838709677419355,0.8117647058823529,0.48,0.8492822966507177,0.13043478260869565,0.0358974358974359,0.4,1.0,0.0,1.0,0.0,0.0,0.0,0.0,0.0,0.0,0.0,0.0,0.0,0.0,0.0,0.0
0.9999999999999999,0.6190476190476191,1.0,0.8117647058823529,0.48,0.8492822966507177,0.13043478260869565,0.0358974358974359,0.4,1.0,0.0,1.0,0.0,0.0,0.0,0.0,0.0,0.0,0.0,0.0,0.0,0.0,0.0,0.0
0.38256658595641646,0.23809523809523808,0.0967741935483871,0.5764705882352943,0.48,0.6052631578947368,0.13043478260869565,0.0358974358974359,0.4,1.0,0.0,1.0,0.0,0.0,0.0,0.0,0.0,0.0,0.0,0.0,0.0,0.0,0.0,0.0
0.4794188861985472,0.23809523809523808,0.22580645161290322,0.5764705882352943,0.48,0.6052631578947368,0.13043478260869565,0.0358974358974359,0.4,1.0,0.0,1.0,0.0,0.0,0.0,0.0,0.0,0.0,0.0,0.0,0.0,0.0,0.0,0.0
0.6731234866828087,0.6190476190476191,0.4838709677419355,0.5764705882352943,0.48,0.6052631578947368,0.13043478260869565,0.0358974358974359,0.4,1.0,0.0,1.0,0.0,0.0,0.0,0.0,0.0,0.0,0.0,0.0,0.0,0.0,0.0,0.0
0.8668280871670702,0.6190476190476191,1.0,0.5764705882352943,0.48,0.6052631578947368,0.13043478260869565,0.0358974358974359,0.4,1.0,0.0,1.0,0.0,0.0,0.0,0.0,0.0,0.0,0.0,0.0,0.0,0.0,0.0,0.0
0.26150121065375304,0.23809523809523808,0.03225806451612903,0.8117647058823529,0.0,0.8992822966507178,0.13043478260869565,0.0358974358974359,0.4,0.0,0.0,1.0,0.0,0.0,0.0,0.0,0.0,0.0,0.0,0.0,0.0,0.0,0.0,0.0
0.29782082324455206,0.23809523809523808,0.0967741935483871,0.8117647058823529,0.0,0.8992822966507178,0.13043478260869565,0.0358974358974359,0.4,0.0,0.0,1.0,0.0,0.0,0.0,0.0,0.0,0.0,0.0,0.0,0.0,0.0,0.0,0.0
0.3946731234866828,0.23809523809523808,0.22580645161290322,0.8117647058823529,0.0,0.8992822966507178,0.13043478260869565,0.0358974358974359,0.4,0.0,0.0,1.0,0.0,0.0,0.0,0.0,0.0,0.0,0.0,0.0,0.0,0.0,0.0,0.0
0.17675544794188863,0.23809523809523808,0.03225806451612903,0.5764705882352943,0.0,0.5223684210526316,0.13043478260869565,0.0358974358974359,0.4,0.0,0.0,1.0,0.0,0.0,0.0,0.0,0.0,0.0,0.0,0.0,0.0,0.0,0.0,0.0
0.3099273607748184,0.23809523809523808,0.22580645161290322,0.5764705882352943,0.0,0.5223684210526316,0.13043478260869565,0.0358974358974359,0.4,0.0,0.0,1.0,0.0,0.0,0.0,0.0,0.0,0.0,0.0,0.0,0.0,0.0,0.0,0.0
0.4067796610169492,0.23809523809523808,0.4838709677419355,0.5764705882352943,0.0,0.5223684210526316,0.13043478260869565,0.0358974358974359,0.4,0.0,0.0,1.0,0.0,0.0,0.0,0.0,0.0,0.0,0.0,0.0,0.0,0.0,0.0,0.0
0.07990314769975787,0.047619047619047616,0.0,0.5647058823529414,0.0,0.5222488038277512,0.008695652173913049,0.0358974358974359,0.8,1.0,0.0,1.0,0.0,0.0,0.0,0.0,0.0,0.0,0.0,0.0,0.0,0.0,0.0,0.0
0.14043583535108958,0.047619047619047616,0.0967741935483871,0.5647058823529414,0.0,0.5222488038277512,0.008695652173913049,0.0358974358974359,0.8,1.0,0.0,1.0,0.0,0.0,0.0,0.0,0.0,0.0,0.0,0.0,0.0,0.0,0.0,0.0
0.14043583535108958,0.047619047619047616,0.0,0.5647058823529414,0.0,0.5222488038277512,0.008695652173913049,0.0358974358974359,0.8,1.0,0.0,1.0,0.0,0.0,0.0,0.0,0.0,0.0,0.0,0.0,0.0,0.0,0.0,0.0
0.21307506053268765,0.047619047619047616,0.0967741935483871,0.5647058823529414,0.0,0.5222488038277512,0.008695652173913049,0.0358974358974359,0.8,1.0,0.0,1.0,0.0,0.0,0.0,0.0,0.0,0.0,0.0,0.0,0.0,0.0,0.0,0.0
0.18280871670702178,0.14285714285714285,0.03225806451612903,0.0,0.0,0.004665071770334928,0.08695652173913043,0.0358974358974359,0.8,1.0,0.0,1.0,0.0,0.0,0.0,0.0,0.0,0.0,0.0,0.0,0.0,0.0,0.0,0.0
0.23728813559322032,0.14285714285714285,0.0967741935483871,0.0,0.0,0.004665071770334928,0.08695652173913043,0.0358974358974359,0.8,1.0,0.0,1.0,0.0,0.0,0.0,0.0,0.0,0.0,0.0,0.0,0.0,0.0,0.0,0.0
0.05569007263922517,0.0,0.0,0.48235294117647065,0.0,0.6360047846889952,0.043478260869565216,0.015384615384615385,1.0,1.0,0.0,1.0,0.0,0.0,0.0,0.0,0.0,0.0,0.0,0.0,0.0,0.0,0.0,0.0
0.11622276029055689,0.0,0.0967741935483871,0.48235294117647065,0.0,0.6360047846889952,0.043478260869565216,0.015384615384615385,1.0,1.0,0.0,1.0,0.0,0.0,0.0,0.0,0.0,0.0,0.0,0.0,0.0,0.0,0.0,0.0
0.11622276029055689,0.0,0.0,0.48235294117647065,0.0,0.6360047846889952,0.043478260869565216,0.015384615384615385,1.0,1.0,0.0,1.0,0.0,0.0,0.0,0.0,0.0,0.0,0.0,0.0,0.0,0.0,0.0,0.0
0.16464891041162227,0.0,0.0967741935483871,0.48235294117647065,0.0,0.6360047846889952,0.043478260869565216,0.015384615384615385,1.0,1.0,0.0,1.0,0.0,0.0,0.0,0.0,0.0,0.0,0.0,0.0,0.0,0.0,0.0,0.0
0.17070217917675545,0.047619047619047616,0.03225806451612903,0.0,0.0,0.0,0.13043478260869565,0.0358974358974359,1.0,1.0,0.0,1.0,0.0,0.0,0.0,0.0,0.0,0.0,0.0,0.0,0.0,0.0,0.0,0.0
0.04358353510895884,0.14285714285714285,0.0967741935483871,0.060000000000000164,0.48,0.24641148325358853,0.26086956521739135,0.23076923076923075,0.0,0.0,0.0,0.0,0.0,1.0,0.0,0.0,0.0,0.0,0.0,0.0,0.0,0.0,0.0,0.0
0.07990314769975787,0.23809523809523808,0.22580645161290322,0.07882352941176474,0.48,0.38995215311004783,0.26086956521739135,0.5282051282051282,0.2,0.5,0.0,0.0,0.0,1.0,0.0,0.0,0.0,0.0,0.0,0.0,0.0,0.0,0.0,0.0
0.07506053268765134,0.23809523809523808,0.03225806451612903,0.635294117647059,0.48,0.6052631578947368,0.26086956521739135,0.015384615384615385,0.2,0.5,0.0,0.0,0.0,1.0,0.0,0.0,0.0,0.0,0.0,0.0,0.0,0.0,0.0,0.0
0.007263922518159806,0.047619047619047616,0.03225806451612903,0.3058823529411765,0.24,0.45215311004784686,0.043478260869565216,0.015384615384615385,0.2,0.5,0.0,0.0,0.0,1.0,0.0,0.0,0.0,0.0,0.0,0.0,0.0,0.0,0.0,0.0
0.1089588377723971,0.23809523809523808,0.0967741935483871,0.7058823529411764,0.48,0.820574162679426,0.26086956521739135,0.015384615384615385,0.2,0.5,0.0,0.0,0.0,1.0,0.0,0.0,0.0,0.0,0.0,0.0,0.0,0.0,0.0,0.0
0.06779661016949151,0.23809523809523808,0.0967741935483871,0.07058823529411773,0.48,0.23803827751196172,0.26086956521739135,0.23076923076923075,0.2,0.5,0.0,0.0,0.0,1.0,0.0,0.0,0.0,0.0,0.0,0.0,0.0,0.0,0.0,0.0
0.12348668280871672,0.42857142857142855,0.22580645161290322,0.05294117647058827,0.48,0.3301435406698564,0.6521739130434783,0.9999999999999999,0.2,0.5,0.0,0.0,0.0,1.0,0.0,0.0,0.0,0.0,0.0,0.0,0.0,0.0,0.0,0.0
0.18401937046004843,0.42857142857142855,0.22580645161290322,0.08000000000000007,0.48,0.23444976076555024,0.8260869565217391,0.23076923076923075,0.4,1.0,0.0,0.0,0.0,1.0,0.0,0.0,0.0,0.0,0.0,0.0,0.0,0.0,0.0,0.0
0.08716707021791767,0.23809523809523808,0.0967741935483871,0.7058823529411764,0.48,0.6052631578947368,0.26086956521739135,0.041025641025641026,0.6000000000000001,0.5,0.0,0.0,0.0,1.0,0.0,0.0,0.0,0.0,0.0,0.0,0.0,0.0,0.0,0.0
0.026634382566585957,0.047619047619047616,0.03225806451612903,0.5764705882352943,0.24,0.6052631578947368,0.043478260869565216,0.0,0.4,0.5,0.0,0.0,0.0,1.0,0.0,0.0,0.0,0.0,0.0,0.0,0.0,0.0,0.0,0.0
0.6440677966101694,0.6190476190476191,0.22580645161290322,0.22352941176470598,0.48,0.2822966507177034,0.5304347826086957,0.23076923076923075,0.2,0.0,0.0,0.0,0.0,0.0,1.0,0.0,0.0,0.0,0.0,0.0,0.0,0.0,0.0,0.0
0.17675544794188863,0.42857142857142855,0.22580645161290322,0.08000000000000007,0.48,0.2703349282296651,0.8260869565217391,0.23076923076923075,0.2,0.0,0.0,0.0,0.0,0.0,1.0,0.0,0.0,0.0,0.0,0.0,0.0,0.0,0.0,0.0
0.2033898305084746,0.42857142857142855,0.0967741935483871,0.6941176470588235,0.6720000000000002,0.820574162679426,0.5304347826086957,0.23076923076923075,0.2,0.0,0.0,0.0,0.0,0.0,1.0,0.0,0.0,0.0,0.0,0.0,0.0,0.0,0.0,0.0
0.21307506053268765,0.42857142857142855,0.0967741935483871,0.05882352941176472,0.48,0.23086124401913877,0.5304347826086957,0.23076923076923075,0.2,0.0,0.0,0.0,0.0,0.0,1.0,0.0,0.0,0.0,0.0,0.0,0.0,0.0,0.0,0.0
0.47457627118644063,0.6190476190476191,0.22580645161290322,0.08235294117647063,0.48,0.23086124401913877,0.8260869565217391,0.23076923076923075,0.2,0.0,0.0,0.0,0.0,0.0,1.0,0.0,0.0,0.0,0.0,0.0,0.0,0.0,0.0,0.0
0.29782082324455206,0.42857142857142855,0.22580645161290322,0.08235294117647063,0.48,0.23086124401913877,0.8260869565217391,0.23076923076923075,0.2,0.0,0.0,0.0,0.0,0.0,1.0,0.0,0.0,0.0,0.0,0.0,0.0,0.0,0.0,0.0
0.11622276029055689,0.23809523809523808,0.0967741935483871,0.635294117647059,0.48,0.820574162679426,0.30434782608695654,0.041025641025641026,0.2,0.0,0.0,0.0,0.0,0.0,1.0,0.0,0.0,0.0,0.0,0.0,0.0,0.0,0.0,0.0
0.2857142857142857,0.42857142857142855,0.22580645161290322,0.7176470588235293,0.6720000000000002,0.820574162679426,0.8260869565217391,0.23076923076923075,0.2,0.0,0.0,0.0,0.0,0.0,1.0,0.0,0.0,0.0,0.0,0.0,0.0,0.0,0.0,0.0
0.576271186440678,0.42857142857142855,0.22580645161290322,0.21529411764705886,0.48,0.22368421052631582,0.5304347826086957,0.23076923076923075,0.4,0.0,0.0,0.0,0.0,0.0,1.0,0.0,0.0,0.0,0.0,0.0,0.0,0.0,0.0,0.0
0.29055690072639223,0.42857142857142855,0.22580645161290322,0.8352941176470587,0.6720000000000002,0.820574162679426,0.8260869565217391,0.23076923076923075,0.2,0.0,0.0,0.0,0.0,0.0,1.0,0.0,0.0,0.0,0.0,0.0,0.0,0.0,0.0,0.0
0.048426150121065374,0.047619047619047616,0.03225806451612903,0.5764705882352943,0.0,0.5334928229665071,0.0,0.015384615384615385,0.4,0.0,0.0,0.0,0.0,0.0,1.0,0.0,0.0,0.0,0.0,0.0,0.0,0.0,0.0,0.0
0.021791767554479417,0.047619047619047616,0.03225806451612903,0.5764705882352943,0.0,0.5334928229665071,0.0,0.015384615384615385,0.4,0.5,0.0,0.0,0.0,0.0,1.0,0.0,0.0,0.0,0.0,0.0,0.0,0.0,0.0,0.0
0.03389830508474576,0.14285714285714285,0.03225806451612903,0.5764705882352943,0.0,0.5334928229665071,0.0,0.015384615384615385,0.4,0.5,0.0,0.0,0.0,0.0,1.0,0.0,0.0,0.0,0.0,0.0,0.0,0.0,0.0,0.0
0.07457627118644067,0.23809523809523808,0.03225806451612903,0.635294117647059,0.48,0.5334928229665071,0.0,0.041025641025641026,0.6000000000000001,0.5,0.0,0.0,0.0,0.0,1.0,0.0,0.0,0.0,0.0,0.0,0.0,0.0,0.0,0.0
0.0048426150121065326,0.047619047619047616,0.0,0.08000000000000007,0.48,0.23444976076555024,0.08695652173913043,0.015384615384615385,0.0,0.0,0.0,0.0,0.0,0.0,0.0,1.0,0.0,0.0,0.0,0.0,0.0,0.0,0.0,0.0
0.007263922518159806,0.047619047619047616,0.03225806451612903,0.08000000000000007,0.48,0.23444976076555024,0.08695652173913043,0.015384615384615385,0.0,0.0,0.0,0.0,0.0,0.0,0.0,1.0,0.0,0.0,0.0,0.0,0.0,0.0,0.0,0.0
0.02784503631961259,0.047619047619047616,0.03225806451612903,0.5764705882352943,0.0,0.4736842105263158,0.043478260869565216,0.015384615384615385,0.0,0.0,0.0,0.0,0.0,0.0,0.0,1.0,0.0,0.0,0.0,0.0,0.0,0.0,0.0,0.0
0.10411622276029056,0.23809523809523808,0.0967741935483871,0.08000000000000007,0.6720000000000002,0.38995215311004783,0.7391304347826088,0.23076923076923075,0.0,0.5,0.0,0.0,0.0,0.0,0.0,1.0,0.0,0.0,0.0,0.0,0.0,0.0,0.0,0.0
0.11622276029055689,0.42857142857142855,0.0967741935483871,0.08000000000000007,0.6720000000000002,0.38995215311004783,0.7391304347826088,0.23076923076923075,0.0,0.5,0.0,0.0,0.0,0.0,0.0,1.0,0.0,0.0,0.0,0.0,0.0,0.0,0.0,0.0
0.0702179176755448,0.23809523809523808,0.0967741935483871,0.08000000000000007,0.6720000000000002,0.38995215311004783,0.34782608695652173,0.23076923076923075,0.0,0.5,0.0,0.0,0.0,0.0,0.0,1.0,0.0,0.0,0.0,0.0,0.0,0.0,0.0,0.0
0.08232445520581114,0.23809523809523808,0.0967741935483871,0.8352941176470587,0.0,0.569377990430622,0.11304347826086958,0.015384615384615385,0.0,0.5,0.0,0.0,0.0,0.0,0.0,1.0,0.0,0.0,0.0,0.0,0.0,0.0,0.0,0.0
0.04963680387409201,0.23809523809523808,0.03225806451612903,0.08000000000000007,0.48,0.38995215311004783,0.34782608695652173,0.23076923076923075,0.0,0.5,0.0,0.0,0.0,0.0,0.0,1.0,0.0,0.0,0.0,0.0,0.0,0.0,0.0,0.0
0.05447941888619854,0.23809523809523808,0.0967741935483871,0.08000000000000007,0.48,0.38995215311004783,0.34782608695652173,0.23076923076923075,0.0,0.5,0.0,0.0,0.0,0.0,0.0,1.0,0.0,0.0,0.0,0.0,0.0,0.0,0.0,0.0
0.048426150121065374,0.23809523809523808,0.03225806451612903,0.6941176470588235,0.24,0.569377990430622,0.11304347826086958,0.015384615384615385,0.2,0.0,0.0,0.0,0.0,0.0,0.0,1.0,0.0,0.0,0.0,0.0,0.0,0.0,0.0,0.0
0.05326876513317191,0.23809523809523808,0.0967741935483871,0.6941176470588235,0.24,0.569377990430622,0.11304347826086958,0.015384615384615385,0.2,0.0,0.0,0.0,0.0,0.0,0.0,1.0,0.0,0.0,0.0,0.0,0.0,0.0,0.0,0.0
0.05326876513317191,0.23809523809523808,0.0967741935483871,0.08000000000000007,0.6720000000000002,0.2703349282296651,0.34782608695652173,0.30256410256410254,0.2,0.5,0.0,0.0,0.0,0.0,0.0,1.0,0.0,0.0,0.0,0.0,0.0,0.0,0.0,0.0
0.03631961259079903,0.23809523809523808,0.03225806451612903,0.08000000000000007,0.6720000000000002,0.2296650717703349,0.34782608695652173,0.23076923076923075,0.2,0.0,0.0,0.0,0.0,0.0,0.0,1.0,0.0,0.0,0.0,0.0,0.0,0.0,0.0,0.0
0.04116222760290556,0.23809523809523808,0.0967741935483871,0.08000000000000007,0.6720000000000002,0.2296650717703349,0.34782608695652173,0.23076923076923075,0.2,0.0,0.0,0.0,0.0,0.0,0.0,1.0,0.0,0.0,0.0,0.0,0.0,0.0,0.0,0.0
0.021791767554479417,0.23809523809523808,0.03225806451612903,0.08000000000000007,0.6720000000000002,0.2296650717703349,0.34782608695652173,0.23076923076923075,0.2,0.0,0.0,0.0,0.0,0.0,0.0,1.0,0.0,0.0,0.0,0.0,0.0,0.0,0.0,0.0
0.03268765133171913,0.23809523809523808,0.0967741935483871,0.08000000000000007,0.6720000000000002,0.2296650717703349,0.34782608695652173,0.23076923076923075,0.2,0.0,0.0,0.0,0.0,0.0,0.0,1.0,0.0,0.0,0.0,0.0,0.0,0.0,0.0,0.0
0.012106537530266345,0.14285714285714285,0.03225806451612903,0.07058823529411773,0.48,0.2296650717703349,0.34782608695652173,0.23076923076923075,0.2,0.0,0.0,0.0,0.0,0.0,0.0,1.0,0.0,0.0,0.0,0.0,0.0,0.0,0.0,0.0
0.021791767554479417,0.23809523809523808,0.0967741935483871,0.07058823529411773,0.48,0.2296650717703349,0.34782608695652173,0.23076923076923075,0.2,0.0,0.0,0.0,0.0,0.0,0.0,1.0,0.0,0.0,0.0,0.0,0.0,0.0,0.0,0.0
0.006053268765133173,0.23809523809523808,0.03225806451612903,0.06705882352941184,0.48,0.3301435406698564,0.11304347826086958,0.015384615384615385,0.2,0.0,0.0,0.0,0.0,0.0,0.0,1.0,0.0,0.0,0.0,0.0,0.0,0.0,0.0,0.0
0.0,0.0,0.0,0.06705882352941184,0.48,0.21052631578947367,0.08695652173913043,0.015384615384615385,0.2,0.0,0.0,0.0,0.0,0.0,0.0,1.0,0.0,0.0,0.0,0.0,0.0,0.0,0.0,0.0
0.0024213075060532663,0.047619047619047616,0.0,0.06705882352941184,0.48,0.21052631578947367,0.08695652173913043,0.015384615384615385,0.2,0.0,0.0,0.0,0.0,0.0,0.0,1.0,0.0,0.0,0.0,0.0,0.0,0.0,0.0,0.0
0.0048426150121065326,0.047619047619047616,0.03225806451612903,0.06705882352941184,0.48,0.21052631578947367,0.08695652173913043,0.015384615384615385,0.2,0.0,0.0,0.0,0.0,0.0,0.0,1.0,0.0,0.0,0.0,0.0,0.0,0.0,0.0,0.0
0.024213075060532684,0.047619047619047616,0.03225806451612903,0.5764705882352943,0.24,0.44976076555023925,0.043478260869565216,0.015384615384615385,0.2,0.0,0.0,0.0,0.0,0.0,0.0,1.0,0.0,0.0,0.0,0.0,0.0,0.0,0.0,0.0
0.03631961259079903,0.23809523809523808,0.0967741935483871,0.5764705882352943,0.24,0.44976076555023925,0.043478260869565216,0.015384615384615385,0.2,0.0,0.0,0.0,0.0,0.0,0.0,1.0,0.0,0.0,0.0,0.0,0.0,0.0,0.0,0.0
0.11864406779661019,0.23809523809523808,0.0967741935483871,0.8117647058823529,0.6720000000000002,0.8086124401913876,0.24347826086956523,0.041025641025641026,0.2,1.0,0.0,0.0,0.0,0.0,0.0,1.0,0.0,0.0,0.0,0.0,0.0,0.0,0.0,0.0
0.06295399515738498,0.23809523809523808,0.0967741935483871,0.08000000000000007,0.6720000000000002,0.2703349282296651,0.34782608695652173,0.5282051282051282,0.2,0.5,0.0,0.0,0.0,0.0,0.0,1.0,0.0,0.0,0.0,0.0,0.0,0.0,0.0,0.0
0.0774818401937046,0.42857142857142855,0.22580645161290322,0.08000000000000007,0.6720000000000002,0.2703349282296651,0.34782608695652173,0.5282051282051282,0.2,0.5,0.0,0.0,0.0,0.0,0.0,1.0,0.0,0.0,0.0,0.0,0.0,0.0,0.0,0.0
0.044794188861985475,0.23809523809523808,0.0967741935483871,0.08000000000000007,0.6720000000000002,0.23444976076555024,0.34782608695652173,0.30256410256410254,0.2,0.5,0.0,0.0,0.0,0.0,0.0,1.0,0.0,0.0,0.0,0.0,0.0,0.0,0.0,0.0
0.03147699757869249,0.23809523809523808,0.0967741935483871,0.06705882352941184,0.48,0.23444976076555024,0.34782608695652173,0.23076923076923075,0.2,0.5,0.0,0.0,0.0,0.0,0.0,1.0,0.0,0.0,0.0,0.0,0.0,0.0,0.0,0.0
0.044794188861985475,0.23809523809523808,0.0967741935483871,0.08000000000000007,0.6720000000000002,0.23444976076555024,0.7391304347826088,0.23076923076923075,0.2,0.0,0.0,0.0,0.0,0.0,0.0,1.0,0.0,0.0,0.0,0.0,0.0,0.0,0.0,0.0
0.03631961259079903,0.23809523809523808,0.0967741935483871,0.08000000000000007,0.6720000000000002,0.23444976076555024,0.34782608695652173,0.23076923076923075,0.2,0.0,0.0,0.0,0.0,0.0,0.0,1.0,0.0,0.0,0.0,0.0,0.0,0.0,0.0,0.0
0.22276029055690072,0.23809523809523808,0.0967741935483871,0.09411764705882364,0.48,0.15071770334928225,0.21739130434782608,0.23076923076923075,0.2,0.5,0.0,0.0,0.0,0.0,0.0,0.0,1.0,0.0,0.0,0.0,0.0,0.0,0.0,0.0
0.042372881355932195,0.23809523809523808,0.03225806451612903,0.07294117647058829,0.48,0.44976076555023925,0.21739130434782608,0.23076923076923075,0.2,0.5,0.0,0.0,0.0,0.0,0.0,0.0,1.0,0.0,0.0,0.0,0.0,0.0,0.0,0.0
0.048426150121065374,0.23809523809523808,0.0967741935483871,0.07294117647058829,0.48,0.44976076555023925,0.21739130434782608,0.23076923076923075,0.2,0.5,0.0,0.0,0.0,0.0,0.0,0.0,1.0,0.0,0.0,0.0,0.0,0.0,0.0,0.0
0.05326876513317191,0.23809523809523808,0.0967741935483871,0.07058823529411773,0.48,0.44976076555023925,0.21739130434782608,0.23076923076923075,0.2,0.5,0.0,0.0,0.0,0.0,0.0,0.0,1.0,0.0,0.0,0.0,0.0,0.0,0.0,0.0
0.04358353510895884,0.047619047619047616,0.03225806451612903,0.5764705882352943,0.24,0.4545454545454546,0.13043478260869565,0.015384615384615385,0.2,0.0,0.0,0.0,0.0,0.0,0.0,0.0,1.0,0.0,0.0,0.0,0.0,0.0,0.0,0.0
0.012106537530266345,0.047619047619047616,0.03225806451612903,0.09176470588235297,0.48,0.44976076555023925,0.11304347826086958,0.23076923076923075,0.2,0.0,0.0,0.0,0.0,0.0,0.0,0.0,1.0,0.0,0.0,0.0,0.0,0.0,0.0,0.0
0.11864406779661019,0.23809523809523808,0.0967741935483871,0.776470588235294,0.6720000000000002,0.8325358851674641,0.34782608695652173,0.041025641025641026,0.2,0.5,0.0,0.0,0.0,0.0,0.0,0.0,1.0,0.0,0.0,0.0,0.0,0.0,0.0,0.0
0.016949152542372878,0.047619047619047616,0.03225806451612903,0.47058823529411775,0.0,0.22248803827751196,0.13043478260869565,0.015384615384615385,0.2,0.0,0.0,0.0,0.0,0.0,0.0,0.0,1.0,0.0,0.0,0.0,0.0,0.0,0.0,0.0
0.06537530266343825,0.23809523809523808,0.0967741935483871,0.06705882352941184,0.48,0.3624401913875598,0.24347826086956523,0.23076923076923075,0.2,0.5,0.0,0.0,0.0,0.0,0.0,0.0,1.0,0.0,0.0,0.0,0.0,0.0,0.0,0.0
0.12832929782082325,0.42857142857142855,0.0967741935483871,0.07058823529411773,0.48,0.3301435406698564,0.7391304347826088,0.23076923076923075,0.2,0.5,0.0,0.0,0.0,0.0,0.0,0.0,1.0,0.0,0.0,0.0,0.0,0.0,0.0,0.0
0.1089588377723971,0.42857142857142855,0.0967741935483871,0.06705882352941184,0.48,0.2703349282296651,0.5478260869565218,0.23076923076923075,0.2,0.5,0.0,0.0,0.0,0.0,0.0,0.0,1.0,0.0,0.0,0.0,0.0,0.0,0.0,0.0
0.08958837772397094,0.23809523809523808,0.03225806451612903,0.07647058823529418,0.48,0.44976076555023925,0.6521739130434783,0.23076923076923075,0.0,0.5,0.0,0.0,0.0,0.0,0.0,0.0,0.0,1.0,0.0,0.0,0.0,0.0,0.0,0.0
0.1016949152542373,0.23809523809523808,0.0967741935483871,0.07647058823529418,0.48,0.44976076555023925,0.6521739130434783,0.23076923076923075,0.0,0.5,0.0,0.0,0.0,0.0,0.0,0.0,0.0,1.0,0.0,0.0,0.0,0.0,0.0,0.0
0.16464891041162227,0.23809523809523808,0.0967741935483871,0.7058823529411764,0.48,0.8145933014354066,0.24347826086956523,0.015384615384615385,0.0,0.5,0.0,0.0,0.0,0.0,0.0,0.0,0.0,1.0,0.0,0.0,0.0,0.0,0.0,0.0
0.08716707021791767,0.23809523809523808,0.0967741935483871,0.07647058823529418,0.48,0.44976076555023925,0.6521739130434783,0.23076923076923075,0.0,0.0,0.0,0.0,0.0,0.0,0.0,0.0,0.0,1.0,0.0,0.0,0.0,0.0,0.0,0.0
0.05811138014527845,0.23809523809523808,0.03225806451612903,0.07647058823529418,0.48,0.44976076555023925,0.33913043478260874,0.23076923076923075,0.0,0.5,0.0,0.0,0.0,0.0,0.0,0.0,0.0,1.0,0.0,0.0,0.0,0.0,0.0,0.0
0.014527845036319612,0.047619047619047616,0.0,0.07647058823529418,0.48,0.38995215311004783,0.043478260869565216,0.041025641025641026,0.0,0.5,0.0,0.0,0.0,0.0,0.0,0.0,0.0,1.0,0.0,0.0,0.0,0.0,0.0,0.0
0.024213075060532684,0.047619047619047616,0.03225806451612903,0.07647058823529418,0.48,0.38995215311004783,0.043478260869565216,0.041025641025641026,0.0,0.5,0.0,0.0,0.0,0.0,0.0,0.0,0.0,1.0,0.0,0.0,0.0,0.0,0.0,0.0
0.04358353510895884,0.14285714285714285,0.03225806451612903,0.07647058823529418,0.48,0.38995215311004783,0.043478260869565216,0.041025641025641026,0.0,0.5,0.0,0.0,0.0,0.0,0.0,0.0,0.0,1.0,0.0,0.0,0.0,0.0,0.0,0.0
0.3050847457627119,0.42857142857142855,0.22580645161290322,0.08000000000000007,0.48,0.38995215311004783,0.6521739130434783,0.9999999999999999,0.0,0.5,0.0,0.0,0.0,0.0,0.0,0.0,0.0,1.0,0.0,0.0,0.0,0.0,0.0,0.0
0.11138014527845036,0.23809523809523808,0.03225806451612903,0.05529411764705894,0.48,0.44976076555023925,0.6521739130434783,0.23076923076923075,0.0,0.5,0.0,0.0,0.0,0.0,0.0,0.0,0.0,1.0,0.0,0.0,0.0,0.0,0.0,0.0
0.12348668280871672,0.23809523809523808,0.0967741935483871,0.05529411764705894,0.48,0.44976076555023925,0.6521739130434783,0.23076923076923075,0.0,0.5,0.0,0.0,0.0,0.0,0.0,0.0,0.0,1.0,0.0,0.0,0.0,0.0,0.0,0.0
0.13559322033898305,0.42857142857142855,0.0967741935483871,0.05529411764705894,0.48,0.44976076555023925,0.6521739130434783,0.23076923076923075,0.0,0.5,0.0,0.0,0.0,0.0,0.0,0.0,0.0,1.0,0.0,0.0,0.0,0.0,0.0,0.0
0.16707021791767554,0.23809523809523808,0.0967741935483871,0.057647058823529496,0.48,0.38995215311004783,0.6521739130434783,0.23076923076923075,0.0,0.5,0.0,0.0,0.0,0.0,0.0,0.0,0.0,1.0,0.0,0.0,0.0,0.0,0.0,0.0
0.18401937046004843,0.42857142857142855,0.0967741935483871,0.057647058823529496,0.48,0.38995215311004783,0.6521739130434783,0.23076923076923075,0.0,0.5,0.0,0.0,0.0,0.0,0.0,0.0,0.0,1.0,0.0,0.0,0.0,0.0,0.0,0.0
0.06053268765133172,0.14285714285714285,0.03225806451612903,0.07647058823529418,0.48,0.44976076555023925,0.34782608695652173,0.23076923076923075,0.2,0.5,0.0,0.0,0.0,0.0,0.0,0.0,0.0,1.0,0.0,0.0,0.0,0.0,0.0,0.0
0.06779661016949151,0.14285714285714285,0.0967741935483871,0.07647058823529418,0.48,0.44976076555023925,0.34782608695652173,0.23076923076923075,0.2,0.5,0.0,0.0,0.0,0.0,0.0,0.0,0.0,1.0,0.0,0.0,0.0,0.0,0.0,0.0
0.01937046004842615,0.047619047619047616,0.0,0.07647058823529418,0.48,0.38995215311004783,0.08695652173913043,0.041025641025641026,0.2,0.5,0.0,0.0,0.0,0.0,0.0,0.0,0.0,1.0,0.0,0.0,0.0,0.0,0.0,0.0
0.03631961259079903,0.047619047619047616,0.03225806451612903,0.07647058823529418,0.48,0.38995215311004783,0.08695652173913043,0.041025641025641026,0.2,0.5,0.0,0.0,0.0,0.0,0.0,0.0,0.0,1.0,0.0,0.0,0.0,0.0,0.0,0.0
0.05084745762711864,0.14285714285714285,0.03225806451612903,0.07647058823529418,0.48,0.38995215311004783,0.08695652173913043,0.041025641025641026,0.2,0.5,0.0,0.0,0.0,0.0,0.0,0.0,0.0,1.0,0.0,0.0,0.0,0.0,0.0,0.0
0.05811138014527845,0.14285714285714285,0.0967741935483871,0.07647058823529418,0.48,0.38995215311004783,0.08695652173913043,0.041025641025641026,0.2,0.5,0.0,0.0,0.0,0.0,0.0,0.0,0.0,1.0,0.0,0.0,0.0,0.0,0.0,0.0
0.05811138014527845,0.23809523809523808,0.03225806451612903,0.07647058823529418,0.48,0.38995215311004783,0.08695652173913043,0.041025641025641026,0.2,0.5,0.0,0.0,0.0,0.0,0.0,0.0,0.0,1.0,0.0,0.0,0.0,0.0,0.0,0.0
0.4552058111380145,0.6190476190476191,0.22580645161290322,0.08000000000000007,0.48,0.5095693779904307,0.6521739130434783,0.9999999999999999,0.2,1.0,0.0,0.0,0.0,0.0,0.0,0.0,0.0,1.0,0.0,0.0,0.0,0.0,0.0,0.0
0.3099273607748184,0.42857142857142855,0.0967741935483871,0.057647058823529496,0.48,0.4527511961722488,0.6521739130434783,0.23076923076923075,0.2,1.0,0.0,0.0,0.0,0.0,0.0,0.0,0.0,1.0,0.0,0.0,0.0,0.0,0.0,0.0
0.38256658595641646,0.6190476190476191,0.22580645161290322,0.057647058823529496,0.48,0.4527511961722488,0.6521739130434783,0.23076923076923075,0.2,1.0,0.0,0.0,0.0,0.0,0.0,0.0,0.0,1.0,0.0,0.0,0.0,0.0,0.0,0.0
0.0702179176755448,0.23809523809523808,0.03225806451612903,0.05529411764705894,0.48,0.44976076555023925,0.6521739130434783,0.23076923076923075,0.2,0.0,0.0,0.0,0.0,0.0,0.0,0.0,0.0,1.0,0.0,0.0,0.0,0.0,0.0,0.0
0.07990314769975787,0.23809523809523808,0.0967741935483871,0.05529411764705894,0.48,0.44976076555023925,0.6521739130434783,0.23076923076923075,0.2,0.0,0.0,0.0,0.0,0.0,0.0,0.0,0.0,1.0,0.0,0.0,0.0,0.0,0.0,0.0
0.08716707021791767,0.23809523809523808,0.0967741935483871,0.05529411764705894,0.48,0.44976076555023925,0.6521739130434783,0.23076923076923075,0.2,0.0,0.0,0.0,0.0,0.0,0.0,0.0,0.0,1.0,0.0,0.0,0.0,0.0,0.0,0.0
0.03147699757869249,0.047619047619047616,0.03225806451612903,0.5764705882352943,0.24,0.7296650717703349,0.24347826086956523,0.0,0.2,0.0,0.0,0.0,0.0,0.0,0.0,0.0,0.0,1.0,0.0,0.0,0.0,0.0,0.0,0.0
0.23728813559322032,0.42857142857142855,0.22580645161290322,0.08588235294117652,0.48,0.354066985645933,0.6521739130434783,0.23076923076923075,0.2,0.5,0.0,0.0,0.0,0.0,0.0,0.0,0.0,1.0,0.0,0.0,0.0,0.0,0.0,0.0
0.15254237288135594,0.23809523809523808,0.0967741935483871,0.057647058823529496,0.48,0.3301435406698564,0.6521739130434783,0.23076923076923075,0.2,0.5,0.0,0.0,0.0,0.0,0.0,0.0,0.0,1.0,0.0,0.0,0.0,0.0,0.0,0.0
0.16467309927360776,0.42857142857142855,0.0967741935483871,0.057647058823529496,0.48,0.3301435406698564,0.6521739130434783,0.23076923076923075,0.2,0.5,0.0,0.0,0.0,0.0,0.0,0.0,0.0,1.0,0.0,0.0,0.0,0.0,0.0,0.0
0.08232445520581114,0.23809523809523808,0.03225806451612903,0.05529411764705894,0.48,0.3301435406698564,0.34782608695652173,0.23076923076923075,0.2,0.5,0.0,0.0,0.0,0.0,0.0,0.0,0.0,1.0,0.0,0.0,0.0,0.0,0.0,0.0
0.10653753026634383,0.23809523809523808,0.0967741935483871,0.05529411764705894,0.48,0.3301435406698564,0.34782608695652173,0.23076923076923075,0.2,0.5,0.0,0.0,0.0,0.0,0.0,0.0,0.0,1.0,0.0,0.0,0.0,0.0,0.0,0.0
0.11622276029055689,0.42857142857142855,0.0967741935483871,0.05529411764705894,0.48,0.3301435406698564,0.34782608695652173,0.23076923076923075,0.2,0.5,0.0,0.0,0.0,0.0,0.0,0.0,0.0,1.0,0.0,0.0,0.0,0.0,0.0,0.0
0.14043583535108958,0.42857142857142855,0.22580645161290322,0.05529411764705894,0.48,0.3301435406698564,0.34782608695652173,0.23076923076923075,0.2,0.5,0.0,0.0,0.0,0.0,0.0,0.0,0.0,1.0,0.0,0.0,0.0,0.0,0.0,0.0
0.03147699757869249,0.23809523809523808,0.03225806451612903,0.06705882352941184,0.24,0.3301435406698564,0.34782608695652173,0.23076923076923075,0.2,0.5,0.0,0.0,0.0,0.0,0.0,0.0,0.0,1.0,0.0,0.0,0.0,0.0,0.0,0.0
0.04116222760290556,0.23809523809523808,0.0967741935483871,0.06705882352941184,0.24,0.3301435406698564,0.34782608695652173,0.23076923076923075,0.2,0.5,0.0,0.0,0.0,0.0,0.0,0.0,0.0,1.0,0.0,0.0,0.0,0.0,0.0,0.0
0.016949152542372878,0.047619047619047616,0.03225806451612903,0.06705882352941184,0.24,0.3301435406698564,0.34782608695652173,0.13846153846153847,0.2,0.5,0.0,0.0,0.0,0.0,0.0,0.0,0.0,1.0,0.0,0.0,0.0,0.0,0.0,0.0
0.024213075060532684,0.14285714285714285,0.03225806451612903,0.06705882352941184,0.24,0.3301435406698564,0.34782608695652173,0.13846153846153847,0.2,0.5,0.0,0.0,0.0,0.0,0.0,0.0,0.0,1.0,0.0,0.0,0.0,0.0,0.0,0.0
0.18886198547215496,0.23809523809523808,0.0967741935483871,0.648235294117647,0.6720000000000002,0.7511961722488038,0.5391304347826087,0.015384615384615385,0.4,0.5,0.0,0.0,0.0,0.0,0.0,0.0,0.0,1.0,0.0,0.0,0.0,0.0,0.0,0.0
0.08232445520581114,0.23809523809523808,0.03225806451612903,0.6235294117647061,0.24,0.569377990430622,0.24347826086956523,0.015384615384615385,0.4,0.5,0.0,0.0,0.0,0.0,0.0,0.0,0.0,1.0,0.0,0.0,0.0,0.0,0.0,0.0
0.576271186440678,0.6190476190476191,0.22580645161290322,0.23764705882352943,0.48,0.2822966507177034,0.6521739130434783,0.23076923076923075,0.2,1.0,0.0,0.0,0.0,0.0,0.0,0.0,0.0,1.0,0.0,0.0,0.0,0.0,0.0,0.0
0.04600484261501211,0.23809523809523808,0.03225806451612903,0.06705882352941184,0.24,0.30622009569377995,0.34782608695652173,0.23076923076923075,0.2,0.5,0.0,0.0,0.0,0.0,0.0,0.0,0.0,1.0,0.0,0.0,0.0,0.0,0.0,0.0
0.05569007263922517,0.23809523809523808,0.0967741935483871,0.06705882352941184,0.24,0.30622009569377995,0.34782608695652173,0.23076923076923075,0.2,0.5,0.0,0.0,0.0,0.0,0.0,0.0,0.0,1.0,0.0,0.0,0.0,0.0,0.0,0.0
0.0702179176755448,0.23809523809523808,0.0967741935483871,0.06705882352941184,0.48,0.30622009569377995,0.34782608695652173,0.23076923076923075,0.2,0.0,0.0,0.0,0.0,0.0,0.0,0.0,0.0,1.0,0.0,0.0,0.0,0.0,0.0,0.0
0.18886198547215496,0.42857142857142855,0.0967741935483871,0.057647058823529496,0.48,0.2822966507177034,0.6521739130434783,0.23076923076923075,0.2,0.5,0.0,0.0,0.0,0.0,0.0,0.0,0.0,1.0,0.0,0.0,0.0,0.0,0.0,0.0
0.21307506053268765,0.42857142857142855,0.22580645161290322,0.057647058823529496,0.48,0.2822966507177034,0.6521739130434783,0.23076923076923075,0.2,0.5,0.0,0.0,0.0,0.0,0.0,0.0,0.0,1.0,0.0,0.0,0.0,0.0,0.0,0.0
0.08716707021791767,0.23809523809523808,0.0967741935483871,0.06705882352941184,0.48,0.30622009569377995,0.34782608695652173,0.23076923076923075,0.2,0.5,0.0,0.0,0.0,0.0,0.0,0.0,0.0,1.0,0.0,0.0,0.0,0.0,0.0,0.0
0.11138014527845036,0.42857142857142855,0.0967741935483871,0.06705882352941184,0.48,0.30622009569377995,0.34782608695652173,0.23076923076923075,0.2,0.5,0.0,0.0,0.0,0.0,0.0,0.0,0.0,1.0,0.0,0.0,0.0,0.0,0.0,0.0
0.06053268765133172,0.23809523809523808,0.0967741935483871,0.06705882352941184,0.48,0.30622009569377995,0.34782608695652173,0.23076923076923075,0.2,0.0,0.0,0.0,0.0,0.0,0.0,0.0,0.0,1.0,0.0,0.0,0.0,0.0,0.0,0.0
0.06537530266343825,0.42857142857142855,0.0967741935483871,0.06705882352941184,0.48,0.21052631578947367,0.34782608695652173,0.23076923076923075,0.4,0.0,0.0,0.0,0.0,0.0,0.0,0.0,0.0,1.0,0.0,0.0,0.0,0.0,0.0,0.0
0.0847457627118644,0.42857142857142855,0.22580645161290322,0.06705882352941184,0.48,0.21052631578947367,0.34782608695652173,0.23076923076923075,0.4,0.0,0.0,0.0,0.0,0.0,0.0,0.0,0.0,1.0,0.0,0.0,0.0,0.0,0.0,0.0
0.14043583535108958,0.23809523809523808,0.0967741935483871,0.648235294117647,0.6720000000000002,0.7500000000000001,0.5391304347826087,0.041025641025641026,0.6000000000000001,1.0,0.0,0.0,0.0,0.0,0.0,0.0,0.0,1.0,0.0,0.0,0.0,0.0,0.0,0.0
0.04358353510895884,0.047619047619047616,0.0,0.5011764705882353,0.0,0.46172248803827753,0.11304347826086958,0.015384615384615385,0.8,0.5,0.0,0.0,0.0,0.0,0.0,0.0,0.0,1.0,0.0,0.0,0.0,0.0,0.0,0.0
0.18886198547215496,0.42857142857142855,0.0967741935483871,0.08235294117647063,0.6720000000000002,0.44976076555023925,0.6521739130434783,0.9999999999999999,0.0,0.5,0.0,0.0,0.0,0.0,0.0,0.0,0.0,0.0,1.0,0.0,0.0,0.0,0.0,0.0
0.14043583535108958,0.42857142857142855,0.0967741935483871,0.08000000000000007,0.6720000000000002,0.44976076555023925,0.6521739130434783,0.9999999999999999,0.0,0.5,0.0,0.0,0.0,0.0,0.0,0.0,0.0,0.0,1.0,0.0,0.0,0.0,0.0,0.0
0.10411622276029056,0.23809523809523808,0.0967741935483871,0.05529411764705894,0.48,0.44976076555023925,0.4782608695652174,0.23076923076923075,0.0,0.0,0.0,0.0,0.0,0.0,0.0,0.0,0.0,0.0,1.0,0.0,0.0,0.0,0.0,0.0
0.11622276029055689,0.42857142857142855,0.0967741935483871,0.05529411764705894,0.48,0.44976076555023925,0.4782608695652174,0.23076923076923075,0.0,0.0,0.0,0.0,0.0,0.0,0.0,0.0,0.0,0.0,1.0,0.0,0.0,0.0,0.0,0.0
0.012106537530266345,0.047619047619047616,0.0,0.07529411764705896,0.24,0.36602870813397126,0.08695652173913043,0.015384615384615385,0.0,0.0,0.0,0.0,0.0,0.0,0.0,0.0,0.0,0.0,1.0,0.0,0.0,0.0,0.0,0.0
0.01937046004842615,0.047619047619047616,0.03225806451612903,0.07529411764705896,0.24,0.36602870813397126,0.08695652173913043,0.015384615384615385,0.0,0.0,0.0,0.0,0.0,0.0,0.0,0.0,0.0,0.0,1.0,0.0,0.0,0.0,0.0,0.0
0.05569007263922517,0.23809523809523808,0.0967741935483871,0.08235294117647063,0.6720000000000002,0.44976076555023925,0.34782608695652173,0.23076923076923075,0.0,0.0,0.0,0.0,0.0,0.0,0.0,0.0,0.0,0.0,1.0,0.0,0.0,0.0,0.0,0.0
0.05084745762711864,0.23809523809523808,0.03225806451612903,0.08235294117647063,0.48,0.44976076555023925,0.34782608695652173,0.23076923076923075,0.2,0.5,0.0,0.0,0.0,0.0,0.0,0.0,0.0,0.0,1.0,0.0,0.0,0.0,0.0,0.0
0.05811138014527845,0.23809523809523808,0.0967741935483871,0.08235294117647063,0.48,0.44976076555023925,0.34782608695652173,0.23076923076923075,0.2,0.5,0.0,0.0,0.0,0.0,0.0,0.0,0.0,0.0,1.0,0.0,0.0,0.0,0.0,0.0
0.03147699757869249,0.14285714285714285,0.03225806451612903,0.08235294117647063,0.6720000000000002,0.44976076555023925,0.34782608695652173,0.23076923076923075,0.2,0.5,0.0,0.0,0.0,0.0,0.0,0.0,0.0,0.0,1.0,0.0,0.0,0.0,0.0,0.0
0.038740920096852295,0.23809523809523808,0.03225806451612903,0.08235294117647063,0.6720000000000002,0.44976076555023925,0.34782608695652173,0.23076923076923075,0.2,0.5,0.0,0.0,0.0,0.0,0.0,0.0,0.0,0.0,1.0,0.0,0.0,0.0,0.0,0.0
0.048426150121065374,0.23809523809523808,0.0967741935483871,0.08235294117647063,0.6720000000000002,0.44976076555023925,0.34782608695652173,0.23076923076923075,0.2,0.5,0.0,0.0,0.0,0.0,0.0,0.0,0.0,0.0,1.0,0.0,0.0,0.0,0.0,0.0
0.012106537530266345,0.047619047619047616,0.03225806451612903,0.06705882352941184,0.48,0.36602870813397126,0.08695652173913043,0.23076923076923075,0.2,0.0,0.0,0.0,0.0,0.0,0.0,0.0,0.0,0.0,1.0,0.0,0.0,0.0,0.0,0.0
0.06053268765133172,0.23809523809523808,0.03225806451612903,0.05529411764705894,0.48,0.44976076555023925,0.4782608695652174,0.23076923076923075,0.2,0.0,0.0,0.0,0.0,0.0,0.0,0.0,0.0,0.0,1.0,0.0,0.0,0.0,0.0,0.0
0.06779661016949151,0.23809523809523808,0.0967741935483871,0.05529411764705894,0.48,0.44976076555023925,0.4782608695652174,0.23076923076923075,0.2,0.0,0.0,0.0,0.0,0.0,0.0,0.0,0.0,0.0,1.0,0.0,0.0,0.0,0.0,0.0
0.14043583535108958,0.42857142857142855,0.0967741935483871,0.08235294117647063,0.6720000000000002,0.44976076555023925,0.6521739130434783,0.23076923076923075,0.2,0.5,0.0,0.0,0.0,0.0,0.0,0.0,0.0,0.0,1.0,0.0,0.0,0.0,0.0,0.0
0.15254237288135594,0.42857142857142855,0.22580645161290322,0.08235294117647063,0.6720000000000002,0.44976076555023925,0.6521739130434783,0.23076923076923075,0.2,0.5,0.0,0.0,0.0,0.0,0.0,0.0,0.0,0.0,1.0,0.0,0.0,0.0,0.0,0.0
0.0920096852300242,0.23809523809523808,0.0967741935483871,0.07882352941176474,0.6720000000000002,0.44976076555023925,0.6521739130434783,0.23076923076923075,0.2,0.5,0.0,0.0,0.0,0.0,0.0,0.0,0.0,0.0,1.0,0.0,0.0,0.0,0.0,0.0
0.09927360774818403,0.42857142857142855,0.0967741935483871,0.07882352941176474,0.6720000000000002,0.44976076555023925,0.6521739130434783,0.23076923076923075,0.2,0.5,0.0,0.0,0.0,0.0,0.0,0.0,0.0,0.0,1.0,0.0,0.0,0.0,0.0,0.0
0.007263922518159806,0.047619047619047616,0.0,0.07529411764705896,0.24,0.36602870813397126,0.08695652173913043,0.041025641025641026,0.2,0.0,0.0,0.0,0.0,0.0,0.0,0.0,0.0,0.0,1.0,0.0,0.0,0.0,0.0,0.0
0.009685230024213072,0.047619047619047616,0.03225806451612903,0.07529411764705896,0.24,0.36602870813397126,0.08695652173913043,0.041025641025641026,0.2,0.0,0.0,0.0,0.0,0.0,0.0,0.0,0.0,0.0,1.0,0.0,0.0,0.0,0.0,0.0
0.016949152542372878,0.047619047619047616,0.03225806451612903,0.06705882352941184,0.48,0.36602870813397126,0.34782608695652173,0.23076923076923075,0.2,0.0,0.0,0.0,0.0,0.0,0.0,0.0,0.0,0.0,1.0,0.0,0.0,0.0,0.0,0.0
0.021791767554479417,0.14285714285714285,0.03225806451612903,0.06705882352941184,0.48,0.36602870813397126,0.34782608695652173,0.23076923076923075,0.2,0.0,0.0,0.0,0.0,0.0,0.0,0.0,0.0,0.0,1.0,0.0,0.0,0.0,0.0,0.0
0.029055690072639223,0.23809523809523808,0.03225806451612903,0.06705882352941184,0.48,0.36602870813397126,0.34782608695652173,0.23076923076923075,0.2,0.0,0.0,0.0,0.0,0.0,0.0,0.0,0.0,0.0,1.0,0.0,0.0,0.0,0.0,0.0
0.06779661016949151,0.42857142857142855,0.0967741935483871,0.06705882352941184,0.48,0.3301435406698564,0.34782608695652173,0.23076923076923075,0.2,0.5,0.0,0.0,0.0,0.0,0.0,0.0,0.0,0.0,1.0,0.0,0.0,0.0,0.0,0.0
0.14043583535108958,0.42857142857142855,0.0967741935483871,0.08000000000000007,0.48,0.44976076555023925,1.0,0.23076923076923075,0.2,1.0,0.0,0.0,0.0,0.0,0.0,0.0,0.0,0.0,1.0,0.0,0.0,0.0,0.0,0.0
0.10411622276029056,0.42857142857142855,0.0967741935483871,0.08235294117647063,0.6720000000000002,0.44976076555023925,1.0,0.23076923076923075,0.2,0.5,0.0,0.0,0.0,0.0,0.0,0.0,0.0,0.0,1.0,0.0,0.0,0.0,0.0,0.0
0.0774818401937046,0.23809523809523808,0.0967741935483871,0.06705882352941184,0.48,0.3301435406698564,0.34782608695652173,0.23076923076923075,0.2,0.5,0.0,0.0,0.0,0.0,0.0,0.0,0.0,0.0,1.0,0.0,0.0,0.0,0.0,0.0
0.0920096852300242,0.42857142857142855,0.22580645161290322,0.06705882352941184,0.48,0.3301435406698564,0.34782608695652173,0.23076923076923075,0.2,0.5,0.0,0.0,0.0,0.0,0.0,0.0,0.0,0.0,1.0,0.0,0.0,0.0,0.0,0.0
0.05326876513317191,0.23809523809523808,0.03225806451612903,0.06705882352941184,0.48,0.3301435406698564,0.34782608695652173,0.23076923076923075,0.2,0.0,0.0,0.0,0.0,0.0,0.0,0.0,0.0,0.0,1.0,0.0,0.0,0.0,0.0,0.0
0.06295399515738498,0.42857142857142855,0.0967741935483871,0.06705882352941184,0.48,0.3301435406698564,0.34782608695652173,0.23076923076923075,0.2,0.0,0.0,0.0,0.0,0.0,0.0,0.0,0.0,0.0,1.0,0.0,0.0,0.0,0.0,0.0
0.024213075060532684,0.23809523809523808,0.03225806451612903,0.07294117647058829,0.48,0.2822966507177034,0.34782608695652173,0.23076923076923075,0.2,0.0,0.0,0.0,0.0,0.0,0.0,0.0,0.0,0.0,1.0,0.0,0.0,0.0,0.0,0.0
0.0,0.047619047619047616,0.0,0.07529411764705896,0.24,0.21052631578947367,0.043478260869565216,0.015384615384615385,0.2,0.0,0.0,0.0,0.0,0.0,0.0,0.0,0.0,0.0,1.0,0.0,0.0,0.0,0.0,0.0
0.0048426150121065326,0.047619047619047616,0.03225806451612903,0.07529411764705896,0.24,0.21052631578947367,0.043478260869565216,0.015384615384615385,0.2,0.0,0.0,0.0,0.0,0.0,0.0,0.0,0.0,0.0,1.0,0.0,0.0,0.0,0.0,0.0
0.029055690072639223,0.23809523809523808,0.03225806451612903,0.07294117647058829,0.24,0.3301435406698564,0.34782608695652173,0.23076923076923075,0.4,0.0,0.0,0.0,0.0,0.0,0.0,0.0,0.0,0.0,1.0,0.0,0.0,0.0,0.0,0.0
0.038740920096852295,0.23809523809523808,0.0967741935483871,0.07294117647058829,0.24,0.3301435406698564,0.34782608695652173,0.23076923076923075,0.4,0.0,0.0,0.0,0.0,0.0,0.0,0.0,0.0,0.0,1.0,0.0,0.0,0.0,0.0,0.0
0.1549636803874092,0.23809523809523808,0.03225806451612903,0.07058823529411773,0.48,0.21052631578947367,0.34782608695652173,0.23076923076923075,0.0,0.0,0.0,0.0,0.0,0.0,0.0,0.0,0.0,0.0,0.0,1.0,0.0,0.0,0.0,0.0
0.17191283292978207,0.23809523809523808,0.0967741935483871,0.07058823529411773,0.48,0.21052631578947367,0.34782608695652173,0.23076923076923075,0.0,0.0,0.0,0.0,0.0,0.0,0.0,0.0,0.0,0.0,0.0,1.0,0.0,0.0,0.0,0.0
0.18886198547215496,0.42857142857142855,0.0967741935483871,0.07058823529411773,0.48,0.21052631578947367,0.34782608695652173,0.23076923076923075,0.0,0.0,0.0,0.0,0.0,0.0,0.0,0.0,0.0,0.0,0.0,1.0,0.0,0.0,0.0,0.0
0.13075060532687652,0.23809523809523808,0.03225806451612903,0.07058823529411773,0.48,0.21052631578947367,0.34782608695652173,0.23076923076923075,0.0,0.0,0.0,0.0,0.0,0.0,0.0,0.0,0.0,0.0,0.0,1.0,0.0,0.0,0.0,0.0
0.1476997578692494,0.23809523809523808,0.0967741935483871,0.07058823529411773,0.48,0.21052631578947367,0.34782608695652173,0.23076923076923075,0.0,0.0,0.0,0.0,0.0,0.0,0.0,0.0,0.0,0.0,0.0,1.0,0.0,0.0,0.0,0.0
0.5278450363196125,0.42857142857142855,0.0967741935483871,0.09411764705882364,0.48,0.21052631578947367,0.4782608695652174,0.9999999999999999,0.0,1.0,0.0,0.0,0.0,0.0,0.0,0.0,0.0,0.0,0.0,1.0,0.0,0.0,0.0,0.0
0.576271186440678,0.42857142857142855,0.22580645161290322,0.09411764705882364,0.48,0.21052631578947367,0.4782608695652174,0.9999999999999999,0.0,1.0,0.0,0.0,0.0,0.0,0.0,0.0,0.0,0.0,0.0,1.0,0.0,0.0,0.0,0.0
0.6731234866828087,0.42857142857142855,0.4838709677419355,0.09411764705882364,0.48,0.21052631578947367,0.4782608695652174,0.9999999999999999,0.0,1.0,0.0,0.0,0.0,0.0,0.0,0.0,0.0,0.0,0.0,1.0,0.0,0.0,0.0,0.0
0.4430992736077482,0.42857142857142855,0.0967741935483871,0.07058823529411773,0.48,0.1985645933014354,0.34782608695652173,0.23076923076923075,0.0,0.0,0.0,0.0,0.0,0.0,0.0,0.0,0.0,0.0,0.0,1.0,0.0,0.0,0.0,0.0
0.5157384987893463,0.42857142857142855,0.22580645161290322,0.07058823529411773,0.48,0.1985645933014354,0.34782608695652173,0.23076923076923075,0.0,0.0,0.0,0.0,0.0,0.0,0.0,0.0,0.0,0.0,0.0,1.0,0.0,0.0,0.0,0.0
0.3704600484261501,0.42857142857142855,0.0967741935483871,0.02352941176470591,0.48,0.12679425837320568,0.17391304347826086,0.23076923076923075,0.0,0.0,0.0,0.0,0.0,0.0,0.0,0.0,0.0,0.0,0.0,1.0,0.0,0.0,0.0,0.0
0.4430992736077482,0.42857142857142855,0.22580645161290322,0.02352941176470591,0.48,0.12679425837320568,0.17391304347826086,0.23076923076923075,0.0,0.0,0.0,0.0,0.0,0.0,0.0,0.0,0.0,0.0,0.0,1.0,0.0,0.0,0.0,0.0
0.038740920096852295,0.14285714285714285,0.03225806451612903,0.07058823529411773,0.48,0.3301435406698564,0.17391304347826086,0.23076923076923075,0.0,0.0,0.0,0.0,0.0,0.0,0.0,0.0,0.0,0.0,0.0,1.0,0.0,0.0,0.0,0.0
0.06779661016949151,0.14285714285714285,0.03225806451612903,0.5764705882352943,0.24,0.4545454545454546,0.17391304347826086,0.015384615384615385,0.2,0.5,0.0,0.0,0.0,0.0,0.0,0.0,0.0,0.0,0.0,1.0,0.0,0.0,0.0,0.0
0.04358353510895884,0.14285714285714285,0.03225806451612903,0.5764705882352943,0.24,0.4545454545454546,0.17391304347826086,0.015384615384615385,0.2,0.5,0.0,0.0,0.0,0.0,0.0,0.0,0.0,0.0,0.0,1.0,0.0,0.0,0.0,0.0
0.3099273607748184,0.23809523809523808,0.0967741935483871,0.47058823529411775,0.48,0.820574162679426,0.043478260869565216,0.0358974358974359,0.2,0.5,0.0,0.0,0.0,0.0,0.0,0.0,0.0,0.0,0.0,1.0,0.0,0.0,0.0,0.0
0.17675544794188863,0.14285714285714285,0.03225806451612903,0.05882352941176472,0.48,0.13277511961722488,0.043478260869565216,0.23076923076923075,0.2,0.5,0.0,0.0,0.0,0.0,0.0,0.0,0.0,0.0,0.0,1.0,0.0,0.0,0.0,0.0
0.03147699757869249,0.047619047619047616,0.0,0.3058823529411765,0.24,0.22248803827751196,0.08695652173913043,0.015384615384615385,0.2,0.5,0.0,0.0,0.0,0.0,0.0,0.0,0.0,0.0,0.0,1.0,0.0,0.0,0.0,0.0
0.01937046004842615,0.047619047619047616,0.0,0.3058823529411765,0.24,0.22248803827751196,0.08695652173913043,0.015384615384615385,0.2,0.5,0.0,0.0,0.0,0.0,0.0,0.0,0.0,0.0,0.0,1.0,0.0,0.0,0.0,0.0
0.5278450363196125,0.42857142857142855,0.0967741935483871,1.0,0.48,1.0,0.34782608695652173,0.041025641025641026,0.2,1.0,0.0,0.0,0.0,0.0,0.0,0.0,0.0,0.0,0.0,1.0,0.0,0.0,0.0,0.0
0.3704600484261501,0.42857142857142855,0.0967741935483871,0.5764705882352943,0.48,0.6172248803827752,0.34782608695652173,0.041025641025641026,0.2,1.0,0.0,0.0,0.0,0.0,0.0,0.0,0.0,0.0,0.0,1.0,0.0,0.0,0.0,0.0
0.3341404358353511,0.42857142857142855,0.0967741935483871,0.5764705882352943,0.48,0.6172248803827752,0.34782608695652173,0.041025641025641026,0.2,1.0,0.0,0.0,0.0,0.0,0.0,0.0,0.0,0.0,0.0,1.0,0.0,0.0,0.0,0.0
0.11622276029055689,0.14285714285714285,0.03225806451612903,0.5647058823529414,0.24,0.569377990430622,0.17391304347826086,0.015384615384615385,0.2,0.0,0.0,0.0,0.0,0.0,0.0,0.0,0.0,0.0,0.0,1.0,0.0,0.0,0.0,0.0
0.0920096852300242,0.14285714285714285,0.03225806451612903,0.5647058823529414,0.24,0.569377990430622,0.17391304347826086,0.015384615384615385,0.2,0.0,0.0,0.0,0.0,0.0,0.0,0.0,0.0,0.0,0.0,1.0,0.0,0.0,0.0,0.0
0.18886198547215496,0.23809523809523808,0.03225806451612903,0.07058823529411773,0.48,0.1985645933014354,0.34782608695652173,0.23076923076923075,0.2,0.0,0.0,0.0,0.0,0.0,0.0,0.0,0.0,0.0,0.0,1.0,0.0,0.0,0.0,0.0
0.21307506053268765,0.23809523809523808,0.0967741935483871,0.07058823529411773,0.48,0.1985645933014354,0.34782608695652173,0.23076923076923075,0.2,0.0,0.0,0.0,0.0,0.0,0.0,0.0,0.0,0.0,0.0,1.0,0.0,0.0,0.0,0.0
0.23728813559322032,0.23809523809523808,0.22580645161290322,0.07058823529411773,0.48,0.1985645933014354,0.34782608695652173,0.23076923076923075,0.2,0.0,0.0,0.0,0.0,0.0,0.0,0.0,0.0,0.0,0.0,1.0,0.0,0.0,0.0,0.0
0.04358353510895884,0.23809523809523808,0.03225806451612903,0.07058823529411773,0.24,0.21052631578947367,0.17391304347826086,0.23076923076923075,0.2,0.5,0.0,0.0,0.0,0.0,0.0,0.0,0.0,0.0,0.0,1.0,0.0,0.0,0.0,0.0
0.05326876513317191,0.23809523809523808,0.0967741935483871,0.07058823529411773,0.24,0.21052631578947367,0.17391304347826086,0.23076923076923075,0.2,0.5,0.0,0.0,0.0,0.0,0.0,0.0,0.0,0.0,0.0,1.0,0.0,0.0,0.0,0.0
0.06053268765133172,0.23809523809523808,0.0967741935483871,0.07058823529411773,0.24,0.21052631578947367,0.17391304347826086,0.23076923076923075,0.2,0.0,0.0,0.0,0.0,0.0,0.0,0.0,0.0,0.0,0.0,1.0,0.0,0.0,0.0,0.0
0.009685230024213072,0.047619047619047616,0.0,0.07058823529411773,0.24,0.21052631578947367,0.17391304347826086,0.23076923076923075,0.2,0.5,0.0,0.0,0.0,0.0,0.0,0.0,0.0,0.0,0.0,1.0,0.0,0.0,0.0,0.0
0.01937046004842615,0.047619047619047616,0.03225806451612903,0.07058823529411773,0.24,0.21052631578947367,0.17391304347826086,0.23076923076923075,0.2,0.5,0.0,0.0,0.0,0.0,0.0,0.0,0.0,0.0,0.0,1.0,0.0,0.0,0.0,0.0
0.025423728813559317,0.14285714285714285,0.03225806451612903,0.07058823529411773,0.24,0.21052631578947367,0.17391304347826086,0.23076923076923075,0.2,0.5,0.0,0.0,0.0,0.0,0.0,0.0,0.0,0.0,0.0,1.0,0.0,0.0,0.0,0.0
0.03631961259079903,0.23809523809523808,0.0967741935483871,0.07058823529411773,0.24,0.21052631578947367,0.17391304347826086,0.23076923076923075,0.2,0.5,0.0,0.0,0.0,0.0,0.0,0.0,0.0,0.0,0.0,1.0,0.0,0.0,0.0,0.0
0.3220338983050847,0.42857142857142855,0.0967741935483871,0.09411764705882364,0.48,0.12679425837320568,0.17391304347826086,0.23076923076923075,0.2,0.0,0.0,0.0,0.0,0.0,0.0,0.0,0.0,0.0,0.0,1.0,0.0,0.0,0.0,0.0
0.3583535108958838,0.42857142857142855,0.22580645161290322,0.09411764705882364,0.48,0.12679425837320568,0.17391304347826086,0.23076923076923075,0.2,0.0,0.0,0.0,0.0,0.0,0.0,0.0,0.0,0.0,0.0,1.0,0.0,0.0,0.0,0.0
0.5278450363196125,0.42857142857142855,0.0967741935483871,0.22352941176470598,0.48,0.13875598086124397,0.17391304347826086,0.9999999999999999,0.2,1.0,0.0,0.0,0.0,0.0,0.0,0.0,0.0,0.0,0.0,1.0,0.0,0.0,0.0,0.0
0.576271186440678,0.42857142857142855,0.22580645161290322,0.22352941176470598,0.48,0.13875598086124397,0.17391304347826086,0.9999999999999999,0.2,1.0,0.0,0.0,0.0,0.0,0.0,0.0,0.0,0.0,0.0,1.0,0.0,0.0,0.0,0.0
0.648910411622276,0.6190476190476191,0.4838709677419355,0.22352941176470598,0.48,0.13875598086124397,0.17391304347826086,0.9999999999999999,0.2,1.0,0.0,0.0,0.0,0.0,0.0,0.0,0.0,0.0,0.0,1.0,0.0,0.0,0.0,0.0
0.29782082324455206,0.42857142857142855,0.22580645161290322,0.07058823529411773,0.48,0.0789473684210526,0.17391304347826086,0.9999999999999999,0.2,1.0,0.0,0.0,0.0,0.0,0.0,0.0,0.0,0.0,0.0,1.0,0.0,0.0,0.0,0.0
0.21307506053268765,0.42857142857142855,0.0967741935483871,0.8235294117647058,0.24,0.8193779904306221,0.34782608695652173,0.041025641025641026,0.2,0.0,0.0,0.0,0.0,0.0,0.0,0.0,0.0,0.0,0.0,1.0,0.0,0.0,0.0,0.0
0.14043583535108958,0.23809523809523808,0.03225806451612903,0.5647058823529414,0.24,0.569377990430622,0.34782608695652173,0.041025641025641026,0.2,0.0,0.0,0.0,0.0,0.0,0.0,0.0,0.0,0.0,0.0,1.0,0.0,0.0,0.0,0.0
0.05811138014527845,0.23809523809523808,0.03225806451612903,0.07058823529411773,0.48,0.21052631578947367,0.17391304347826086,0.23076923076923075,0.2,0.0,0.0,0.0,0.0,0.0,0.0,0.0,0.0,0.0,0.0,1.0,0.0,0.0,0.0,0.0
0.06779661016949151,0.23809523809523808,0.0967741935483871,0.07058823529411773,0.48,0.21052631578947367,0.17391304347826086,0.23076923076923075,0.2,0.0,0.0,0.0,0.0,0.0,0.0,0.0,0.0,0.0,0.0,1.0,0.0,0.0,0.0,0.0
0.16464891041162227,0.42857142857142855,0.0967741935483871,0.8235294117647058,0.24,0.8193779904306221,0.34782608695652173,0.041025641025641026,0.2,0.0,0.0,0.0,0.0,0.0,0.0,0.0,0.0,0.0,0.0,1.0,0.0,0.0,0.0,0.0
0.11622276029055689,0.23809523809523808,0.03225806451612903,0.5647058823529414,0.24,0.569377990430622,0.34782608695652173,0.041025641025641026,0.2,0.0,0.0,0.0,0.0,0.0,0.0,0.0,0.0,0.0,0.0,1.0,0.0,0.0,0.0,0.0
0.0847457627118644,0.23809523809523808,0.0967741935483871,0.07058823529411773,0.48,0.21052631578947367,0.34782608695652173,0.23076923076923075,0.2,0.5,0.0,0.0,0.0,0.0,0.0,0.0,0.0,0.0,0.0,1.0,0.0,0.0,0.0,0.0
0.0920096852300242,0.42857142857142855,0.0967741935483871,0.07058823529411773,0.48,0.21052631578947367,0.34782608695652173,0.23076923076923075,0.2,0.5,0.0,0.0,0.0,0.0,0.0,0.0,0.0,0.0,0.0,1.0,0.0,0.0,0.0,0.0
0.11380145278450363,0.23809523809523808,0.0967741935483871,0.07058823529411773,0.48,0.21052631578947367,0.34782608695652173,0.23076923076923075,0.2,0.0,0.0,0.0,0.0,0.0,0.0,0.0,0.0,0.0,0.0,1.0,0.0,0.0,0.0,0.0
0.12348668280871672,0.42857142857142855,0.0967741935483871,0.07058823529411773,0.48,0.21052631578947367,0.34782608695652173,0.23076923076923075,0.2,0.0,0.0,0.0,0.0,0.0,0.0,0.0,0.0,0.0,0.0,1.0,0.0,0.0,0.0,0.0
0.3704600484261501,0.42857142857142855,0.0967741935483871,0.09411764705882364,0.48,0.21052631578947367,0.34782608695652173,0.9999999999999999,0.2,1.0,0.0,0.0,0.0,0.0,0.0,0.0,0.0,0.0,0.0,1.0,0.0,0.0,0.0,0.0
0.4188861985472155,0.42857142857142855,0.22580645161290322,0.09411764705882364,0.48,0.21052631578947367,0.34782608695652173,0.9999999999999999,0.2,1.0,0.0,0.0,0.0,0.0,0.0,0.0,0.0,0.0,0.0,1.0,0.0,0.0,0.0,0.0
0.5641646489104116,0.42857142857142855,0.4838709677419355,0.09411764705882364,0.48,0.21052631578947367,0.34782608695652173,0.9999999999999999,0.2,1.0,0.0,0.0,0.0,0.0,0.0,0.0,0.0,0.0,0.0,1.0,0.0,0.0,0.0,0.0
0.3268765133171913,0.42857142857142855,0.0967741935483871,0.07058823529411773,0.48,0.1985645933014354,0.34782608695652173,0.23076923076923075,0.2,1.0,0.0,0.0,0.0,0.0,0.0,0.0,0.0,0.0,0.0,1.0,0.0,0.0,0.0,0.0
0.3583535108958838,0.42857142857142855,0.22580645161290322,0.07058823529411773,0.48,0.1985645933014354,0.34782608695652173,0.23076923076923075,0.2,1.0,0.0,0.0,0.0,0.0,0.0,0.0,0.0,0.0,0.0,1.0,0.0,0.0,0.0,0.0
0.2736077481840194,0.42857142857142855,0.0967741935483871,0.01176470588235301,0.48,0.09090909090909088,0.17391304347826086,0.23076923076923075,0.2,1.0,0.0,0.0,0.0,0.0,0.0,0.0,0.0,0.0,0.0,1.0,0.0,0.0,0.0,0.0
0.31476997578692495,0.42857142857142855,0.22580645161290322,0.01176470588235301,0.48,0.09090909090909088,0.17391304347826086,0.23076923076923075,0.2,1.0,0.0,0.0,0.0,0.0,0.0,0.0,0.0,0.0,0.0,1.0,0.0,0.0,0.0,0.0
0.03147699757869249,0.23809523809523808,0.03225806451612903,0.07058823529411773,0.24,0.21052631578947367,0.17391304347826086,0.23076923076923075,0.4,0.5,0.0,0.0,0.0,0.0,0.0,0.0,0.0,0.0,0.0,1.0,0.0,0.0,0.0,0.0
0.038740920096852295,0.23809523809523808,0.0967741935483871,0.07058823529411773,0.24,0.21052631578947367,0.17391304347826086,0.23076923076923075,0.4,0.5,0.0,0.0,0.0,0.0,0.0,0.0,0.0,0.0,0.0,1.0,0.0,0.0,0.0,0.0
0.048426150121065374,0.23809523809523808,0.0967741935483871,0.07058823529411773,0.24,0.21052631578947367,0.17391304347826086,0.23076923076923075,0.4,0.0,0.0,0.0,0.0,0.0,0.0,0.0,0.0,0.0,0.0,1.0,0.0,0.0,0.0,0.0
0.0920096852300242,0.14285714285714285,0.03225806451612903,0.05882352941176472,0.0,0.09688995215311003,0.08695652173913043,0.23076923076923075,0.4,0.0,0.0,0.0,0.0,0.0,0.0,0.0,0.0,0.0,0.0,1.0,0.0,0.0,0.0,0.0
0.18886198547215496,0.23809523809523808,0.03225806451612903,0.22352941176470598,0.48,0.21650717703349287,0.08695652173913043,0.041025641025641026,0.4,0.0,0.0,0.0,0.0,0.0,0.0,0.0,0.0,0.0,0.0,1.0,0.0,0.0,0.0,0.0
0.10653753026634383,0.23809523809523808,0.0967741935483871,0.08000000000000007,0.6720000000000002,0.38995215311004783,0.34782608695652173,0.23076923076923075,0.0,0.5,0.0,0.0,0.0,0.0,0.0,0.0,0.0,0.0,0.0,0.0,1.0,0.0,0.0,0.0
0.11864406779661019,0.42857142857142855,0.0967741935483871,0.08000000000000007,0.6720000000000002,0.38995215311004783,0.34782608695652173,0.23076923076923075,0.0,0.5,0.0,0.0,0.0,0.0,0.0,0.0,0.0,0.0,0.0,0.0,1.0,0.0,0.0,0.0
0.14285714285714285,0.42857142857142855,0.22580645161290322,0.08000000000000007,0.6720000000000002,0.38995215311004783,0.34782608695652173,0.23076923076923075,0.0,0.5,0.0,0.0,0.0,0.0,0.0,0.0,0.0,0.0,0.0,0.0,1.0,0.0,0.0,0.0
0.06295399515738498,0.23809523809523808,0.03225806451612903,0.08000000000000007,0.6720000000000002,0.38995215311004783,0.34782608695652173,0.23076923076923075,0.0,0.0,0.0,0.0,0.0,0.0,0.0,0.0,0.0,0.0,0.0,0.0,1.0,0.0,0.0,0.0
0.07506053268765134,0.23809523809523808,0.0967741935483871,0.08000000000000007,0.6720000000000002,0.38995215311004783,0.34782608695652173,0.23076923076923075,0.0,0.0,0.0,0.0,0.0,0.0,0.0,0.0,0.0,0.0,0.0,0.0,1.0,0.0,0.0,0.0
0.08958837772397094,0.42857142857142855,0.0967741935483871,0.08000000000000007,0.6720000000000002,0.38995215311004783,0.34782608695652173,0.23076923076923075,0.0,0.0,0.0,0.0,0.0,0.0,0.0,0.0,0.0,0.0,0.0,0.0,1.0,0.0,0.0,0.0
0.029055690072639223,0.047619047619047616,0.03225806451612903,0.5764705882352943,0.24,0.569377990430622,0.11304347826086958,0.015384615384615385,0.0,0.5,0.0,0.0,0.0,0.0,0.0,0.0,0.0,0.0,0.0,0.0,1.0,0.0,0.0,0.0
0.038740920096852295,0.23809523809523808,0.03225806451612903,0.5764705882352943,0.24,0.569377990430622,0.11304347826086958,0.015384615384615385,0.0,0.5,0.0,0.0,0.0,0.0,0.0,0.0,0.0,0.0,0.0,0.0,1.0,0.0,0.0,0.0
0.048426150121065374,0.23809523809523808,0.0967741935483871,0.5764705882352943,0.24,0.569377990430622,0.11304347826086958,0.015384615384615385,0.0,0.5,0.0,0.0,0.0,0.0,0.0,0.0,0.0,0.0,0.0,0.0,1.0,0.0,0.0,0.0
0.008474576271186439,0.047619047619047616,0.0,0.07647058823529418,0.48,0.21052631578947367,0.08695652173913043,0.041025641025641026,0.0,0.0,0.0,0.0,0.0,0.0,0.0,0.0,0.0,0.0,0.0,0.0,1.0,0.0,0.0,0.0
0.010895883777239705,0.047619047619047616,0.03225806451612903,0.07647058823529418,0.48,0.21052631578947367,0.08695652173913043,0.041025641025641026,0.0,0.0,0.0,0.0,0.0,0.0,0.0,0.0,0.0,0.0,0.0,0.0,1.0,0.0,0.0,0.0
0.01937046004842615,0.14285714285714285,0.03225806451612903,0.06705882352941184,0.48,0.23444976076555024,0.34782608695652173,0.23076923076923075,0.2,0.0,0.0,0.0,0.0,0.0,0.0,0.0,0.0,0.0,0.0,0.0,1.0,0.0,0.0,0.0
0.024213075060532684,0.23809523809523808,0.0967741935483871,0.06705882352941184,0.48,0.23444976076555024,0.34782608695652173,0.23076923076923075,0.2,0.0,0.0,0.0,0.0,0.0,0.0,0.0,0.0,0.0,0.0,0.0,1.0,0.0,0.0,0.0
0.03631961259079903,0.23809523809523808,0.03225806451612903,0.08000000000000007,0.6720000000000002,0.23444976076555024,0.34782608695652173,0.23076923076923075,0.2,0.0,0.0,0.0,0.0,0.0,0.0,0.0,0.0,0.0,0.0,0.0,1.0,0.0,0.0,0.0
0.04116222760290556,0.23809523809523808,0.0967741935483871,0.08000000000000007,0.6720000000000002,0.23444976076555024,0.34782608695652173,0.23076923076923075,0.2,0.0,0.0,0.0,0.0,0.0,0.0,0.0,0.0,0.0,0.0,0.0,1.0,0.0,0.0,0.0
0.03147699757869249,0.23809523809523808,0.03225806451612903,0.08000000000000007,0.6720000000000002,0.23444976076555024,0.34782608695652173,0.23076923076923075,0.2,0.0,0.0,0.0,0.0,0.0,0.0,0.0,0.0,0.0,0.0,0.0,1.0,0.0,0.0,0.0
0.0920096852300242,0.42857142857142855,0.0967741935483871,0.06705882352941184,0.6720000000000002,0.3301435406698564,0.5652173913043479,0.5282051282051282,0.2,0.5,0.0,0.0,0.0,0.0,0.0,0.0,0.0,0.0,0.0,0.0,1.0,0.0,0.0,0.0
0.04602663438256658,0.23809523809523808,0.03225806451612903,0.08000000000000007,0.6720000000000002,0.3301435406698564,0.34782608695652173,0.23076923076923075,0.2,0.5,0.0,0.0,0.0,0.0,0.0,0.0,0.0,0.0,0.0,0.0,1.0,0.0,0.0,0.0
0.05326876513317191,0.23809523809523808,0.0967741935483871,0.08000000000000007,0.6720000000000002,0.3301435406698564,0.34782608695652173,0.23076923076923075,0.2,0.5,0.0,0.0,0.0,0.0,0.0,0.0,0.0,0.0,0.0,0.0,1.0,0.0,0.0,0.0
0.048426150121065374,0.23809523809523808,0.0967741935483871,0.08000000000000007,0.6720000000000002,0.2703349282296651,0.34782608695652173,0.30256410256410254,0.2,0.5,0.0,0.0,0.0,0.0,0.0,0.0,0.0,0.0,0.0,0.0,1.0,0.0,0.0,0.0
0.03631961259079903,0.23809523809523808,0.03225806451612903,0.08000000000000007,0.48,0.44976076555023925,0.34782608695652173,0.5282051282051282,0.2,0.0,0.0,0.0,0.0,0.0,0.0,0.0,0.0,0.0,0.0,0.0,1.0,0.0,0.0,0.0
0.04358353510895884,0.23809523809523808,0.0967741935483871,0.08000000000000007,0.48,0.44976076555023925,0.34782608695652173,0.5282051282051282,0.2,0.0,0.0,0.0,0.0,0.0,0.0,0.0,0.0,0.0,0.0,0.0,1.0,0.0,0.0,0.0
0.03631961259079903,0.23809523809523808,0.03225806451612903,0.5764705882352943,0.24,0.569377990430622,0.11304347826086958,0.041025641025641026,0.4,0.5,0.0,0.0,0.0,0.0,0.0,0.0,0.0,0.0,0.0,0.0,1.0,0.0,0.0,0.0
0.04358353510895884,0.23809523809523808,0.0967741935483871,0.5764705882352943,0.24,0.569377990430622,0.11304347826086958,0.041025641025641026,0.4,0.5,0.0,0.0,0.0,0.0,0.0,0.0,0.0,0.0,0.0,0.0,1.0,0.0,0.0,0.0
0.12832929782082325,0.23809523809523808,0.0967741935483871,0.08588235294117652,0.48,0.44976076555023925,0.7391304347826088,0.9999999999999999,0.0,0.5,0.0,0.0,0.0,0.0,0.0,0.0,0.0,0.0,0.0,0.0,0.0,1.0,0.0,0.0
0.14527845036319614,0.42857142857142855,0.0967741935483871,0.08588235294117652,0.48,0.44976076555023925,0.7391304347826088,0.9999999999999999,0.0,0.5,0.0,0.0,0.0,0.0,0.0,0.0,0.0,0.0,0.0,0.0,0.0,1.0,0.0,0.0
0.15012106537530268,0.23809523809523808,0.22580645161290322,0.08588235294117652,0.48,0.44976076555023925,0.7391304347826088,0.9999999999999999,0.0,0.5,0.0,0.0,0.0,0.0,0.0,0.0,0.0,0.0,0.0,0.0,0.0,1.0,0.0,0.0
0.18886198547215496,0.42857142857142855,0.0967741935483871,0.057647058823529496,0.48,0.38995215311004783,0.7391304347826088,0.23076923076923075,0.0,0.5,0.0,0.0,0.0,0.0,0.0,0.0,0.0,0.0,0.0,0.0,0.0,1.0,0.0,0.0
0.23728813559322032,0.42857142857142855,0.22580645161290322,0.057647058823529496,0.48,0.38995215311004783,0.7391304347826088,0.23076923076923075,0.0,0.5,0.0,0.0,0.0,0.0,0.0,0.0,0.0,0.0,0.0,0.0,0.0,1.0,0.0,0.0
0.016949152542372878,0.047619047619047616,0.0,0.07529411764705896,0.48,0.38995215311004783,0.08695652173913043,0.015384615384615385,0.0,0.0,0.0,0.0,0.0,0.0,0.0,0.0,0.0,0.0,0.0,0.0,0.0,1.0,0.0,0.0
0.021791767554479417,0.047619047619047616,0.03225806451612903,0.07529411764705896,0.48,0.38995215311004783,0.08695652173913043,0.015384615384615385,0.0,0.0,0.0,0.0,0.0,0.0,0.0,0.0,0.0,0.0,0.0,0.0,0.0,1.0,0.0,0.0
0.3341404358353511,0.42857142857142855,0.0967741935483871,0.024705882352941244,0.48,0.33492822966507174,0.7391304347826088,0.9999999999999999,0.2,1.0,0.0,0.0,0.0,0.0,0.0,0.0,0.0,0.0,0.0,0.0,0.0,1.0,0.0,0.0
0.43099273607748184,0.6190476190476191,0.22580645161290322,0.024705882352941244,0.48,0.33492822966507174,0.7391304347826088,0.9999999999999999,0.2,1.0,0.0,0.0,0.0,0.0,0.0,0.0,0.0,0.0,0.0,0.0,0.0,1.0,0.0,0.0
0.43099273607748184,0.6190476190476191,0.22580645161290322,0.08000000000000007,0.48,0.3911483253588517,0.7391304347826088,0.9999999999999999,0.2,1.0,0.0,0.0,0.0,0.0,0.0,0.0,0.0,0.0,0.0,0.0,0.0,1.0,0.0,0.0
0.029055690072639223,0.047619047619047616,0.03225806451612903,0.06823529411764717,0.24,0.38995215311004783,0.33913043478260874,0.23076923076923075,0.2,0.0,0.0,0.0,0.0,0.0,0.0,0.0,0.0,0.0,0.0,0.0,0.0,1.0,0.0,0.0
0.038740920096852295,0.14285714285714285,0.03225806451612903,0.06823529411764717,0.24,0.38995215311004783,0.33913043478260874,0.23076923076923075,0.2,0.0,0.0,0.0,0.0,0.0,0.0,0.0,0.0,0.0,0.0,0.0,0.0,1.0,0.0,0.0
0.04358353510895884,0.23809523809523808,0.03225806451612903,0.06823529411764717,0.24,0.38995215311004783,0.33913043478260874,0.23076923076923075,0.2,0.0,0.0,0.0,0.0,0.0,0.0,0.0,0.0,0.0,0.0,0.0,0.0,1.0,0.0,0.0
0.048426150121065374,0.14285714285714285,0.0967741935483871,0.06823529411764717,0.24,0.38995215311004783,0.33913043478260874,0.23076923076923075,0.2,0.0,0.0,0.0,0.0,0.0,0.0,0.0,0.0,0.0,0.0,0.0,0.0,1.0,0.0,0.0
0.11622276029055689,0.23809523809523808,0.0967741935483871,0.07882352941176474,0.48,0.38995215311004783,0.7391304347826088,0.23076923076923075,0.2,0.5,0.0,0.0,0.0,0.0,0.0,0.0,0.0,0.0,0.0,0.0,0.0,1.0,0.0,0.0
0.14043583535108958,0.42857142857142855,0.22580645161290322,0.07882352941176474,0.48,0.38995215311004783,0.7391304347826088,0.23076923076923075,0.2,0.5,0.0,0.0,0.0,0.0,0.0,0.0,0.0,0.0,0.0,0.0,0.0,1.0,0.0,0.0
0.0847457627118644,0.23809523809523808,0.03225806451612903,0.07882352941176474,0.48,0.38995215311004783,0.7391304347826088,0.23076923076923075,0.2,0.5,0.0,0.0,0.0,0.0,0.0,0.0,0.0,0.0,0.0,0.0,0.0,1.0,0.0,0.0
0.09927360774818403,0.23809523809523808,0.0967741935483871,0.07882352941176474,0.48,0.38995215311004783,0.7391304347826088,0.23076923076923075,0.2,0.5,0.0,0.0,0.0,0.0,0.0,0.0,0.0,0.0,0.0,0.0,0.0,1.0,0.0,0.0
0.576271186440678,0.6190476190476191,0.22580645161290322,0.22705882352941176,0.48,0.3301435406698564,0.6521739130434783,0.23076923076923075,0.2,1.0,0.0,0.0,0.0,0.0,0.0,0.0,0.0,0.0,0.0,0.0,0.0,1.0,0.0,0.0
0.14043583535108958,0.23809523809523808,0.0967741935483871,0.07882352941176474,0.48,0.38995215311004783,0.7391304347826088,0.23076923076923075,0.2,0.5,0.0,0.0,0.0,0.0,0.0,0.0,0.0,0.0,0.0,0.0,0.0,1.0,0.0,0.0
0.15254237288135594,0.42857142857142855,0.0967741935483871,0.07882352941176474,0.48,0.38995215311004783,0.7391304347826088,0.23076923076923075,0.2,0.5,0.0,0.0,0.0,0.0,0.0,0.0,0.0,0.0,0.0,0.0,0.0,1.0,0.0,0.0
0.17675544794188863,0.42857142857142855,0.22580645161290322,0.07882352941176474,0.48,0.38995215311004783,0.7391304347826088,0.23076923076923075,0.2,0.5,0.0,0.0,0.0,0.0,0.0,0.0,0.0,0.0,0.0,0.0,0.0,1.0,0.0,0.0
0.05569007263922517,0.23809523809523808,0.03225806451612903,0.06705882352941184,0.48,0.3301435406698564,0.33913043478260874,0.23076923076923075,0.2,0.5,0.0,0.0,0.0,0.0,0.0,0.0,0.0,0.0,0.0,0.0,0.0,1.0,0.0,0.0
0.06537530266343825,0.23809523809523808,0.0967741935483871,0.06705882352941184,0.48,0.3301435406698564,0.33913043478260874,0.23076923076923075,0.2,0.5,0.0,0.0,0.0,0.0,0.0,0.0,0.0,0.0,0.0,0.0,0.0,1.0,0.0,0.0
0.0048426150121065326,0.047619047619047616,0.0,0.07058823529411773,0.24,0.3301435406698564,0.08695652173913043,0.041025641025641026,0.2,0.0,0.0,0.0,0.0,0.0,0.0,0.0,0.0,0.0,0.0,0.0,0.0,1.0,0.0,0.0
0.012106537530266345,0.047619047619047616,0.03225806451612903,0.07058823529411773,0.24,0.3301435406698564,0.08695652173913043,0.041025641025641026,0.2,0.0,0.0,0.0,0.0,0.0,0.0,0.0,0.0,0.0,0.0,0.0,0.0,1.0,0.0,0.0
0.024213075060532684,0.14285714285714285,0.03225806451612903,0.07529411764705896,0.24,0.2703349282296651,0.08695652173913043,0.23076923076923075,0.2,0.0,0.0,0.0,0.0,0.0,0.0,0.0,0.0,0.0,0.0,0.0,0.0,1.0,0.0,0.0
0.03147699757869249,0.23809523809523808,0.03225806451612903,0.07529411764705896,0.24,0.2703349282296651,0.08695652173913043,0.23076923076923075,0.2,0.0,0.0,0.0,0.0,0.0,0.0,0.0,0.0,0.0,0.0,0.0,0.0,1.0,0.0,0.0
0.038740920096852295,0.23809523809523808,0.0967741935483871,0.07529411764705896,0.24,0.2703349282296651,0.08695652173913043,0.23076923076923075,0.2,0.0,0.0,0.0,0.0,0.0,0.0,0.0,0.0,0.0,0.0,0.0,0.0,1.0,0.0,0.0
0.009685230024213072,0.047619047619047616,0.0,0.06823529411764717,0.24,0.3301435406698564,0.33913043478260874,0.23076923076923075,0.2,0.0,0.0,0.0,0.0,0.0,0.0,0.0,0.0,0.0,0.0,0.0,0.0,1.0,0.0,0.0
0.014527845036319612,0.047619047619047616,0.03225806451612903,0.06823529411764717,0.24,0.3301435406698564,0.33913043478260874,0.23076923076923075,0.2,0.0,0.0,0.0,0.0,0.0,0.0,0.0,0.0,0.0,0.0,0.0,0.0,1.0,0.0,0.0
0.01937046004842615,0.14285714285714285,0.03225806451612903,0.06823529411764717,0.24,0.3301435406698564,0.33913043478260874,0.23076923076923075,0.2,0.0,0.0,0.0,0.0,0.0,0.0,0.0,0.0,0.0,0.0,0.0,0.0,1.0,0.0,0.0
0.0702179176755448,0.23809523809523808,0.0967741935483871,0.07882352941176474,0.48,0.38995215311004783,0.7391304347826088,0.23076923076923075,0.2,0.0,0.0,0.0,0.0,0.0,0.0,0.0,0.0,0.0,0.0,0.0,0.0,1.0,0.0,0.0
0.09443099273607747,0.42857142857142855,0.22580645161290322,0.07882352941176474,0.48,0.38995215311004783,0.7391304347826088,0.23076923076923075,0.2,0.0,0.0,0.0,0.0,0.0,0.0,0.0,0.0,0.0,0.0,0.0,0.0,1.0,0.0,0.0
0.05084745762711864,0.23809523809523808,0.03225806451612903,0.07882352941176474,0.48,0.38995215311004783,0.7391304347826088,0.23076923076923075,0.2,0.5,0.0,0.0,0.0,0.0,0.0,0.0,0.0,0.0,0.0,0.0,0.0,1.0,0.0,0.0
0.06053268765133172,0.23809523809523808,0.0967741935483871,0.07882352941176474,0.48,0.38995215311004783,0.7391304347826088,0.23076923076923075,0.2,0.5,0.0,0.0,0.0,0.0,0.0,0.0,0.0,0.0,0.0,0.0,0.0,1.0,0.0,0.0
0.10411622276029056,0.23809523809523808,0.0967741935483871,0.07882352941176474,0.48,0.3301435406698564,0.7391304347826088,0.23076923076923075,0.2,0.5,0.0,0.0,0.0,0.0,0.0,0.0,0.0,0.0,0.0,0.0,0.0,1.0,0.0,0.0
0.11622276029055689,0.42857142857142855,0.0967741935483871,0.07882352941176474,0.48,0.3301435406698564,0.7391304347826088,0.23076923076923075,0.2,0.5,0.0,0.0,0.0,0.0,0.0,0.0,0.0,0.0,0.0,0.0,0.0,1.0,0.0,0.0
0.14043583535108958,0.42857142857142855,0.22580645161290322,0.07882352941176474,0.48,0.3301435406698564,0.7391304347826088,0.23076923076923075,0.2,0.5,0.0,0.0,0.0,0.0,0.0,0.0,0.0,0.0,0.0,0.0,0.0,1.0,0.0,0.0
0.03631961259079903,0.14285714285714285,0.03225806451612903,0.06823529411764717,0.48,0.38995215311004783,0.33913043478260874,0.23076923076923075,0.2,0.5,0.0,0.0,0.0,0.0,0.0,0.0,0.0,0.0,0.0,0.0,0.0,1.0,0.0,0.0
0.04358353510895884,0.23809523809523808,0.03225806451612903,0.06823529411764717,0.48,0.38995215311004783,0.33913043478260874,0.23076923076923075,0.2,0.5,0.0,0.0,0.0,0.0,0.0,0.0,0.0,0.0,0.0,0.0,0.0,1.0,0.0,0.0
0.05084745762711864,0.23809523809523808,0.0967741935483871,0.06823529411764717,0.48,0.38995215311004783,0.33913043478260874,0.23076923076923075,0.2,0.5,0.0,0.0,0.0,0.0,0.0,0.0,0.0,0.0,0.0,0.0,0.0,1.0,0.0,0.0
0.009685230024213072,0.047619047619047616,0.0,0.06823529411764717,0.24,0.2703349282296651,0.08695652173913043,0.23076923076923075,0.4,0.0,0.0,0.0,0.0,0.0,0.0,0.0,0.0,0.0,0.0,0.0,0.0,1.0,0.0,0.0
0.014527845036319612,0.047619047619047616,0.03225806451612903,0.06823529411764717,0.24,0.2703349282296651,0.08695652173913043,0.23076923076923075,0.4,0.0,0.0,0.0,0.0,0.0,0.0,0.0,0.0,0.0,0.0,0.0,0.0,1.0,0.0,0.0
0.01937046004842615,0.14285714285714285,0.03225806451612903,0.06823529411764717,0.24,0.2703349282296651,0.08695652173913043,0.23076923076923075,0.4,0.0,0.0,0.0,0.0,0.0,0.0,0.0,0.0,0.0,0.0,0.0,0.0,1.0,0.0,0.0
0.03631961259079903,0.23809523809523808,0.03225806451612903,0.06705882352941184,0.48,0.21052631578947367,0.6521739130434783,0.23076923076923075,0.4,0.5,0.0,0.0,0.0,0.0,0.0,0.0,0.0,0.0,0.0,0.0,0.0,1.0,0.0,0.0
0.04358353510895884,0.23809523809523808,0.0967741935483871,0.06705882352941184,0.48,0.21052631578947367,0.6521739130434783,0.23076923076923075,0.4,0.5,0.0,0.0,0.0,0.0,0.0,0.0,0.0,0.0,0.0,0.0,0.0,1.0,0.0,0.0
0.6973365617433414,0.6190476190476191,0.4838709677419355,0.09411764705882364,0.48,0.3301435406698564,0.7391304347826088,0.9999999999999999,0.0,1.0,0.0,0.0,0.0,0.0,0.0,0.0,0.0,0.0,0.0,0.0,0.0,0.0,1.0,0.0
0.4552058111380145,0.6190476190476191,0.22580645161290322,0.09411764705882364,0.48,0.3301435406698564,0.7391304347826088,0.9999999999999999,0.0,1.0,0.0,0.0,0.0,0.0,0.0,0.0,0.0,0.0,0.0,0.0,0.0,0.0,1.0,0.0
0.5278450363196125,0.6190476190476191,0.4838709677419355,0.09411764705882364,0.48,0.3301435406698564,0.7391304347826088,0.9999999999999999,0.0,1.0,0.0,0.0,0.0,0.0,0.0,0.0,0.0,0.0,0.0,0.0,0.0,0.0,1.0,0.0
0.3341404358353511,0.42857142857142855,0.0967741935483871,0.02352941176470591,0.48,0.36961722488038273,0.8260869565217391,0.23076923076923075,0.0,1.0,0.0,0.0,0.0,0.0,0.0,0.0,0.0,0.0,0.0,0.0,0.0,0.0,1.0,0.0
0.3583535108958838,0.42857142857142855,0.22580645161290322,0.02352941176470591,0.48,0.36961722488038273,0.8260869565217391,0.23076923076923075,0.0,1.0,0.0,0.0,0.0,0.0,0.0,0.0,0.0,0.0,0.0,0.0,0.0,0.0,1.0,0.0
0.15254237288135594,0.23809523809523808,0.0967741935483871,0.6000000000000001,0.6720000000000002,0.7129186602870813,0.34782608695652173,0.041025641025641026,0.0,1.0,0.0,0.0,0.0,0.0,0.0,0.0,0.0,0.0,0.0,0.0,0.0,0.0,1.0,0.0
0.20096852300242132,0.23809523809523808,0.0967741935483871,0.6000000000000001,0.6720000000000002,0.7129186602870813,0.5391304347826087,0.23076923076923075,0.0,1.0,0.0,0.0,0.0,0.0,0.0,0.0,0.0,0.0,0.0,0.0,0.0,0.0,1.0,0.0
0.24939467312348668,0.42857142857142855,0.22580645161290322,0.6000000000000001,0.6720000000000002,0.7129186602870813,0.5391304347826087,0.23076923076923075,0.0,1.0,0.0,0.0,0.0,0.0,0.0,0.0,0.0,0.0,0.0,0.0,0.0,0.0,1.0,0.0
0.225181598062954,0.42857142857142855,0.22580645161290322,0.08588235294117652,0.6720000000000002,0.2703349282296651,0.7391304347826088,0.23076923076923075,0.2,1.0,0.0,0.0,0.0,0.0,0.0,0.0,0.0,0.0,0.0,0.0,0.0,0.0,1.0,0.0
0.24939467312348668,0.42857142857142855,0.4838709677419355,0.08588235294117652,0.6720000000000002,0.2703349282296651,0.7391304347826088,0.23076923076923075,0.2,1.0,0.0,0.0,0.0,0.0,0.0,0.0,0.0,0.0,0.0,0.0,0.0,0.0,1.0,0.0
0.14043583535108958,0.42857142857142855,0.0967741935483871,0.08588235294117652,0.48,0.2703349282296651,0.5391304347826087,0.23076923076923075,0.2,0.5,0.0,0.0,0.0,0.0,0.0,0.0,0.0,0.0,0.0,0.0,0.0,0.0,1.0,0.0
0.16464891041162227,0.42857142857142855,0.22580645161290322,0.08588235294117652,0.48,0.2703349282296651,0.5391304347826087,0.23076923076923075,0.2,0.5,0.0,0.0,0.0,0.0,0.0,0.0,0.0,0.0,0.0,0.0,0.0,0.0,1.0,0.0
0.38256658595641646,0.6190476190476191,0.22580645161290322,0.07411764705882362,0.48,0.25956937799043067,0.7391304347826088,0.9999999999999999,0.2,1.0,0.0,0.0,0.0,0.0,0.0,0.0,0.0,0.0,0.0,0.0,0.0,0.0,1.0,0.0
0.4552058111380145,0.6190476190476191,0.4838709677419355,0.07411764705882362,0.48,0.25956937799043067,0.7391304347826088,0.9999999999999999,0.2,1.0,0.0,0.0,0.0,0.0,0.0,0.0,0.0,0.0,0.0,0.0,0.0,0.0,1.0,0.0
0.26150121065375304,0.42857142857142855,0.0967741935483871,0.030588235294117805,0.48,0.23923444976076558,0.7391304347826088,0.23076923076923075,0.4,1.0,0.0,0.0,0.0,0.0,0.0,0.0,0.0,0.0,0.0,0.0,0.0,0.0,1.0,0.0
0.2857142857142857,0.42857142857142855,0.22580645161290322,0.030588235294117805,0.48,0.23923444976076558,0.7391304347826088,0.23076923076923075,0.4,1.0,0.0,0.0,0.0,0.0,0.0,0.0,0.0,0.0,0.0,0.0,0.0,0.0,1.0,0.0
0.15254237288135594,0.42857142857142855,0.22580645161290322,0.6000000000000001,0.6720000000000002,0.6710526315789475,0.5391304347826087,0.23076923076923075,0.4,1.0,0.0,0.0,0.0,0.0,0.0,0.0,0.0,0.0,0.0,0.0,0.0,0.0,1.0,0.0
0.10411622276029056,0.23809523809523808,0.0967741935483871,0.6000000000000001,0.6720000000000002,0.6710526315789475,0.34782608695652173,0.041025641025641026,0.4,0.5,0.0,0.0,0.0,0.0,0.0,0.0,0.0,0.0,0.0,0.0,0.0,0.0,1.0,0.0
0.26150121065375304,0.42857142857142855,0.0967741935483871,0.030588235294117805,0.48,0.1638755980861244,0.7391304347826088,0.23076923076923075,0.4,1.0,0.0,0.0,0.0,0.0,0.0,0.0,0.0,0.0,0.0,0.0,0.0,0.0,1.0,0.0
0.021791767554479417,0.23809523809523808,0.03225806451612903,0.07647058823529418,0.24,0.21052631578947367,0.0,0.23076923076923075,0.2,0.0,0.0,0.0,0.0,0.0,0.0,0.0,0.0,0.0,0.0,0.0,0.0,0.0,0.0,1.0
