Nama,Brand,Rilis,Harga_Varian,RAM,Memori_Internal,Chipset,Kamera_Utama,Baterai,Charger,OS,URL
Advan Macha 5G (8GB/256GB),ADVAN,2025,3099000,8,256,Mediatek Dimensity 7060,50 MP • Wide ; Depth,5000,33,"Android 15, dido OS",https://carisinyal.com/hp/advan-macha-5g/
Advan X1 (8GB/128GB),ADVAN,2025,1899000,8,128,MediaTek Helio G100,64 MP • Wide ; AI ; AI,5000,18,Android 14,https://carisinyal.com/hp/advan-x1/
Advan Tab A10 (4GB/64GB),ADVAN,2024,1299000,4,64,Allwinner A523,5 MP • Wide,5000,10,Android 14,https://carisinyal.com/hp/advan-tab-a10/
Advan Tab VX Neo (4GB/128GB),ADVAN,2024,1899000,4,128,UNISOC T606,8 MP • Wide,6200,10,Android 14,https://carisinyal.com/hp/advan-vx-neo/
Advan Tab Sketsa 3 (6GB/128GB),ADVAN,2023,2399000,6,128,UNISOC T606,8 MP • Wide,6000,10,Android 13,https://carisinyal.com/hp/advan-sketsa-3/
Advan Tab Sketsa 3 (8GB/128GB),ADVAN,2023,2599000,8,128,UNISOC T606,8 MP • Wide,6000,10,Android 13,https://carisinyal.com/hp/advan-sketsa-3/
ASUS ROG Phone 9 Pro Edition (24GB/1024GB),ASUS,2024,21999000,24,1024,Qualcomm Snapdragon 8 Elite,50 MP • Wide • f/1.9 ; 13 MP • Ultrawide • f/2.2 ; 32 MP • Telephoto • f/2.4,5800,65,"Android 15, ROG UI",https://carisinyal.com/hp/asus-rog-phone-9-pro-edition/
ASUS ROG Phone 9 Pro (16GB/512GB),ASUS,2024,11999000,16,512,Qualcomm Snapdragon 8 Elite,50 MP • Wide • f/1.9 ; 13 MP • Ultrawide • f/2.2 ; 32 MP • Telephoto • f/2.4,5800,65,"Android 15, ROG UI",https://carisinyal.com/hp/asus-rog-phone-9-pro/
ASUS ROG Phone 9 FE (12GB/256GB),ASUS,2025,6999000,12,256,Qualcomm Snapdragon 8 Gen 3,50 MP • Wide • f/1.9 ; 13 MP • Ultrawide • f/2.2 ; 5 MP • Telephoto • f/2.4,5500,65,"Android 15, ROG UI",https://carisinyal.com/hp/asus-rog-phone-9-fe/
ASUS ROG Phone 9 FE (12GB/512GB),ASUS,2025,7999000,12,512,Qualcomm Snapdragon 8 Gen 3,50 MP • Wide • f/1.9 ; 13 MP • Ultrawide • f/2.2 ; 5 MP • Telephoto • f/2.4,5500,65,"Android 15, ROG UI",https://carisinyal.com/hp/asus-rog-phone-9-fe/
ASUS Zenfone 11 Ultra (12GB/256GB),ASUS,2024,7499000,12,256,Qualcomm Snapdragon 8 Gen 3,50 MP • Wide • f/1.9 ; 13 MP • Ultrawide • f/2.2 ; 32 MP • Telephoto • f/2.4,5500,65,Android 14,https://carisinyal.com/hp/asus-zenfone-11-ultra/
ASUS Zenfone 11 Ultra (16GB/512GB),ASUS,2024,9499000,16,512,Qualcomm Snapdragon 8 Gen 3,50 MP • Wide • f/1.9 ; 13 MP • Ultrawide • f/2.2 ; 32 MP • Telephoto • f/2.4,5500,65,Android 14,https://carisinyal.com/hp/asus-zenfone-11-ultra/
iPad Pro 11 M5 (WiFi) (12GB/256GB),APPLE,2025,20499000,12,256,Apple M5,12 MP • Wide • f/1.8,8160,29,iPadOS 26,https://carisinyal.com/hp/apple-ipad-pro-11-m5-2025/
iPad Pro 11 M5 (WiFi) (12GB/512GB),APPLE,2025,24499000,12,512,Apple M5,12 MP • Wide • f/1.8,8160,29,iPadOS 26,https://carisinyal.com/hp/apple-ipad-pro-11-m5-2025/
iPad Pro 11 M5 (WiFi) (16GB/1024GB),APPLE,2025,32499000,16,1024,Apple M5,12 MP • Wide • f/1.8,8160,29,iPadOS 26,https://carisinyal.com/hp/apple-ipad-pro-11-m5-2025/
iPad Pro 11 M5 (WiFi) (16GB/2048GB),APPLE,2025,39999000,16,2048,Apple M5,12 MP • Wide • f/1.8,8160,29,iPadOS 26,https://carisinyal.com/hp/apple-ipad-pro-11-m5-2025/
iPad 11 inch A16 (WiFi) (6GB/128GB),APPLE,2025,6699000,6,128,Apple A16 Bionic,12 MP • Wide • f/1.8,7606,20,iPadOS 18.3.1,https://carisinyal.com/hp/apple-ipad-11-inch-a16-wifi/
iPad 11 inch A16 (WiFi) (6GB/256GB),APPLE,2025,8699000,6,256,Apple A16 Bionic,12 MP • Wide • f/1.8,7606,20,iPadOS 18.3.1,https://carisinyal.com/hp/apple-ipad-11-inch-a16-wifi/
iPad 11 inch A16 (WiFi) (6GB/512GB),APPLE,2025,12699000,6,512,Apple A16 Bionic,12 MP • Wide • f/1.8,7606,20,iPadOS 18.3.1,https://carisinyal.com/hp/apple-ipad-11-inch-a16-wifi/
iPad Air 13 M3 (WiFi) (8GB/128GB),APPLE,2025,14749000,8,128,Apple M3,12 MP • Wide • f/1.8,9705,20,iPadOS 18.3.1,https://carisinyal.com/hp/apple-ipad-air-13-m3-wifi/
iPad Air 13 M3 (WiFi) (8GB/256GB),APPLE,2025,17249000,8,256,Apple M3,12 MP • Wide • f/1.8,9705,20,iPadOS 18.3.1,https://carisinyal.com/hp/apple-ipad-air-13-m3-wifi/
iPad Air 13 M3 (WiFi) (8GB/512GB),APPLE,2025,21249000,8,512,Apple M3,12 MP • Wide • f/1.8,9705,20,iPadOS 18.3.1,https://carisinyal.com/hp/apple-ipad-air-13-m3-wifi/
iPad Air 13 M3 (WiFi) (8GB/1024GB),APPLE,2025,25249000,8,1024,Apple M3,12 MP • Wide • f/1.8,9705,20,iPadOS 18.3.1,https://carisinyal.com/hp/apple-ipad-air-13-m3-wifi/
iPad Air 11 M3 (WiFi) (8GB/128GB),APPLE,2025,11249000,8,128,Apple M3,12 MP • Wide • f/1.8,7606,20,iPadOS 18.3.1,https://carisinyal.com/hp/apple-ipad-air-11-m3-wifi/
iPad Air 11 M3 (WiFi) (8GB/256GB),APPLE,2025,13249000,8,256,Apple M3,12 MP • Wide • f/1.8,7606,20,iPadOS 18.3.1,https://carisinyal.com/hp/apple-ipad-air-11-m3-wifi/
iPad Air 11 M3 (WiFi) (8GB/512GB),APPLE,2025,17249000,8,512,Apple M3,12 MP • Wide • f/1.8,7606,20,iPadOS 18.3.1,https://carisinyal.com/hp/apple-ipad-air-11-m3-wifi/
iPad Air 11 M3 (WiFi) (8GB/1024GB),APPLE,2025,21749000,8,1024,Apple M3,12 MP • Wide • f/1.8,7606,20,iPadOS 18.3.1,https://carisinyal.com/hp/apple-ipad-air-11-m3-wifi/
iPad 11 inch A16 (WiFi + Cellular) (6GB/128GB),APPLE,2025,9699000,6,128,Apple A16 Bionic,12 MP • Wide • f/1.8,7606,20,iPadOS 18.3.1,https://carisinyal.com/hp/apple-ipad-2025/
iPad 11 inch A16 (WiFi + Cellular) (6GB/256GB),APPLE,2025,11699000,6,256,Apple A16 Bionic,12 MP • Wide • f/1.8,7606,20,iPadOS 18.3.1,https://carisinyal.com/hp/apple-ipad-2025/
iPad 11 inch A16 (WiFi + Cellular) (6GB/512GB),APPLE,2025,15699000,6,512,Apple A16 Bionic,12 MP • Wide • f/1.8,7606,20,iPadOS 18.3.1,https://carisinyal.com/hp/apple-ipad-2025/
iPad Air 13 M3 (WiFi + Cellular) (8GB/128GB),APPLE,2025,18749000,8,128,Apple M3,12 MP • Wide • f/1.8,9705,20,iPadOS 18.3.1,https://carisinyal.com/hp/apple-ipad-air-13-2025/
iPad Air 13 M3 (WiFi + Cellular) (8GB/256GB),APPLE,2025,20749000,8,256,Apple M3,12 MP • Wide • f/1.8,9705,20,iPadOS 18.3.1,https://carisinyal.com/hp/apple-ipad-air-13-2025/
iPad Air 13 M3 (WiFi + Cellular) (8GB/512GB),APPLE,2025,24749000,8,512,Apple M3,12 MP • Wide • f/1.8,9705,20,iPadOS 18.3.1,https://carisinyal.com/hp/apple-ipad-air-13-2025/
iPad Air 13 M3 (WiFi + Cellular) (8GB/1024GB),APPLE,2025,28749000,8,1024,Apple M3,12 MP • Wide • f/1.8,9705,20,iPadOS 18.3.1,https://carisinyal.com/hp/apple-ipad-air-13-2025/
iPad Air 11 M3 (WiFi + Cellular) (8GB/128GB),APPLE,2025,14249000,8,128,Apple M3,12 MP • Wide • f/1.8,7606,20,iPadOS 18.3.1,https://carisinyal.com/hp/apple-ipad-air-11-2025/
iPad Air 11 M3 (WiFi + Cellular) (8GB/256GB),APPLE,2025,16249000,8,256,Apple M3,12 MP • Wide • f/1.8,7606,20,iPadOS 18.3.1,https://carisinyal.com/hp/apple-ipad-air-11-2025/
iPad Air 11 M3 (WiFi + Cellular) (8GB/512GB),APPLE,2025,20249000,8,512,Apple M3,12 MP • Wide • f/1.8,7606,20,iPadOS 18.3.1,https://carisinyal.com/hp/apple-ipad-air-11-2025/
iPad Air 11 M3 (WiFi + Cellular) (8GB/1024GB),APPLE,2025,24999000,8,1024,Apple M3,12 MP • Wide • f/1.8,7606,20,iPadOS 18.3.1,https://carisinyal.com/hp/apple-ipad-air-11-2025/
iPhone 16e (8GB/128GB),APPLE,2025,10749000,8,128,Apple A18,48 MP • Wide • f/1.6,3279,20,iOS 18.4,https://carisinyal.com/hp/apple-iphone-16e/
iPhone 16e (8GB/256GB),APPLE,2025,13249000,8,256,Apple A18,48 MP • Wide • f/1.6,3279,20,iOS 18.4,https://carisinyal.com/hp/apple-iphone-16e/
iPhone 16e (8GB/512GB),APPLE,2025,17249000,8,512,Apple A18,48 MP • Wide • f/1.6,3279,20,iOS 18.4,https://carisinyal.com/hp/apple-iphone-16e/
iPhone 16 Pro Max (8GB/128GB),APPLE,2024,17499000,8,128,Apple A18 Pro,48 MP • Wide • f/1.8 ; 12 MP • Periscope Telephoto • f/2.8 ; 48 MP • Ultrawide • f/2.2,4685,25,iOS 18,https://carisinyal.com/hp/apple-iphone-16-pro-max/
iPhone 16 Pro Max (8GB/256GB),APPLE,2024,20499000,8,256,Apple A18 Pro,48 MP • Wide • f/1.8 ; 12 MP • Periscope Telephoto • f/2.8 ; 48 MP • Ultrawide • f/2.2,4685,25,iOS 18,https://carisinyal.com/hp/apple-iphone-16-pro-max/
iPhone 16 Pro Max (8GB/512GB),APPLE,2024,23999000,8,512,Apple A18 Pro,48 MP • Wide • f/1.8 ; 12 MP • Periscope Telephoto • f/2.8 ; 48 MP • Ultrawide • f/2.2,4685,25,iOS 18,https://carisinyal.com/hp/apple-iphone-16-pro-max/
iPhone 16 Pro Max (8GB/1024GB),APPLE,2024,27999000,8,1024,Apple A18 Pro,48 MP • Wide • f/1.8 ; 12 MP • Periscope Telephoto • f/2.8 ; 48 MP • Ultrawide • f/2.2,4685,25,iOS 18,https://carisinyal.com/hp/apple-iphone-16-pro-max/
iPhone 16 Pro (8GB/128GB),APPLE,2024,17499000,8,128,Apple A18 Pro,48 MP • Wide • f/1.8 ; 12 MP • Periscope Telephoto • f/2.8 ; 48 MP • Ultrawide • f/2.2,3582,25,iOS 18,https://carisinyal.com/hp/apple-iphone-16-pro/
iPhone 16 Pro (8GB/256GB),APPLE,2024,19999000,8,256,Apple A18 Pro,48 MP • Wide • f/1.8 ; 12 MP • Periscope Telephoto • f/2.8 ; 48 MP • Ultrawide • f/2.2,3582,25,iOS 18,https://carisinyal.com/hp/apple-iphone-16-pro/
iPhone 16 Pro (8GB/512GB),APPLE,2024,23499000,8,512,Apple A18 Pro,48 MP • Wide • f/1.8 ; 12 MP • Periscope Telephoto • f/2.8 ; 48 MP • Ultrawide • f/2.2,3582,25,iOS 18,https://carisinyal.com/hp/apple-iphone-16-pro/
iPhone 16 Pro (8GB/1024GB),APPLE,2024,27999000,8,1024,Apple A18 Pro,48 MP • Wide • f/1.8 ; 12 MP • Periscope Telephoto • f/2.8 ; 48 MP • Ultrawide • f/2.2,3582,25,iOS 18,https://carisinyal.com/hp/apple-iphone-16-pro/
iPhone 16 Plus (8GB/128GB),APPLE,2024,16999000,8,128,Apple A18,48 MP • Wide • f/1.6 ; 12 MP • Ultrawide • f/2.2,4674,25,iOS 18,https://carisinyal.com/hp/apple-iphone-16-plus/
iPhone 16 Plus (8GB/256GB),APPLE,2024,19249000,8,256,Apple A18,48 MP • Wide • f/1.6 ; 12 MP • Ultrawide • f/2.2,4674,25,iOS 18,https://carisinyal.com/hp/apple-iphone-16-plus/
iPhone 16 Plus (8GB/512GB),APPLE,2024,22999000,8,512,Apple A18,48 MP • Wide • f/1.6 ; 12 MP • Ultrawide • f/2.2,4674,25,iOS 18,https://carisinyal.com/hp/apple-iphone-16-plus/
iPhone 16 (8GB/128GB),APPLE,2024,14999000,8,128,Apple A18,48 MP • Wide • f/1.6 ; 12 MP • Ultrawide • f/2.2,3560,25,iOS 18,https://carisinyal.com/hp/apple-iphone-16/
iPhone 16 (8GB/256GB),APPLE,2024,16999000,8,256,Apple A18,48 MP • Wide • f/1.6 ; 12 MP • Ultrawide • f/2.2,3560,25,iOS 18,https://carisinyal.com/hp/apple-iphone-16/
iPhone 16 (8GB/512GB),APPLE,2024,20999000,8,512,Apple A18,48 MP • Wide • f/1.6 ; 12 MP • Ultrawide • f/2.2,3560,25,iOS 18,https://carisinyal.com/hp/apple-iphone-16/
iPad mini A17 Pro (WiFi + Cellular) (8GB/128GB),APPLE,2024,12249000,8,128,Apple A17 Pro,12 MP • Wide • f/1.8,5078,10,iPadOS 18,https://carisinyal.com/hp/apple-ipad-mini-5g/
iPad mini A17 Pro (WiFi + Cellular) (8GB/256GB),APPLE,2024,14249000,8,256,Apple A17 Pro,12 MP • Wide • f/1.8,5078,10,iPadOS 18,https://carisinyal.com/hp/apple-ipad-mini-5g/
iPad mini A17 Pro (WiFi + Cellular) (8GB/512GB),APPLE,2024,18249000,8,512,Apple A17 Pro,12 MP • Wide • f/1.8,5078,10,iPadOS 18,https://carisinyal.com/hp/apple-ipad-mini-5g/
iPad mini A17 Pro (WiFi) (8GB/128GB),APPLE,2024,9399000,8,128,Apple A17 Pro,12 MP • Wide • f/1.8,5078,10,iPadOS 18,https://carisinyal.com/hp/apple-ipad-mini-2024/
iPad mini A17 Pro (WiFi) (8GB/256GB),APPLE,2024,11349000,8,256,Apple A17 Pro,12 MP • Wide • f/1.8,5078,10,iPadOS 18,https://carisinyal.com/hp/apple-ipad-mini-2024/
iPad mini A17 Pro (WiFi) (8GB/512GB),APPLE,2024,15349000,8,512,Apple A17 Pro,12 MP • Wide • f/1.8,5078,10,iPadOS 18,https://carisinyal.com/hp/apple-ipad-mini-2024/
iPad Pro 13 M4 (WiFi) (8GB/256GB),APPLE,2024,22999000,8,256,Apple M4,12 MP • Wide • f/1.8 ; ToF,10340,20,iPadOS 17.4,https://carisinyal.com/hp/apple-ipad-pro-13-m4-wifi/
iPad Pro 13 M4 (WiFi) (8GB/512GB),APPLE,2024,26499000,8,512,Apple M4,12 MP • Wide • f/1.8 ; ToF,10340,20,iPadOS 17.4,https://carisinyal.com/hp/apple-ipad-pro-13-m4-wifi/
iPad Pro 13 M4 (WiFi) (16GB/1024GB),APPLE,2024,34499000,16,1024,Apple M4,12 MP • Wide • f/1.8 ; ToF,10340,20,iPadOS 17.4,https://carisinyal.com/hp/apple-ipad-pro-13-m4-wifi/
iPad Pro 13 M4 (WiFi) (16GB/2048GB),APPLE,2024,42499000,16,2048,Apple M4,12 MP • Wide • f/1.8 ; ToF,10340,20,iPadOS 17.4,https://carisinyal.com/hp/apple-ipad-pro-13-m4-wifi/
iPad Pro 11 M4 (WiFi) (8GB/256GB),APPLE,2024,16999000,8,256,Apple M4,12 MP • Wide • f/1.8 ; ToF,8300,20,iPadOS 17.4,https://carisinyal.com/hp/apple-ipad-pro-11-m4-wifi/
iPad Pro 11 M4 (WiFi) (8GB/512GB),APPLE,2024,20999000,8,512,Apple M4,12 MP • Wide • f/1.8 ; ToF,8300,20,iPadOS 17.4,https://carisinyal.com/hp/apple-ipad-pro-11-m4-wifi/
iPad Pro 11 M4 (WiFi) (16GB/1024GB),APPLE,2024,28999000,16,1024,Apple M4,12 MP • Wide • f/1.8 ; ToF,8300,20,iPadOS 17.4,https://carisinyal.com/hp/apple-ipad-pro-11-m4-wifi/
iPad Pro 11 M4 (WiFi) (16GB/2048GB),APPLE,2024,36999000,16,2048,Apple M4,12 MP • Wide • f/1.8 ; ToF,8300,20,iPadOS 17.4,https://carisinyal.com/hp/apple-ipad-pro-11-m4-wifi/
iPad Air 13 M2 (WiFi) (8GB/128GB),APPLE,2024,11999000,8,128,Apple M2,12 MP • Wide • f/1.8,10758,20,iPadOS 17.4,https://carisinyal.com/hp/apple-ipad-air-13-m2-wifi/
iPad Air 13 M2 (WiFi) (8GB/256GB),APPLE,2024,13499000,8,256,Apple M2,12 MP • Wide • f/1.8,10758,20,iPadOS 17.4,https://carisinyal.com/hp/apple-ipad-air-13-m2-wifi/
iPad Air 13 M2 (WiFi) (8GB/512GB),APPLE,2024,17499000,8,512,Apple M2,12 MP • Wide • f/1.8,10758,20,iPadOS 17.4,https://carisinyal.com/hp/apple-ipad-air-13-m2-wifi/
iPad Air 11 M2 (WiFi) (8GB/128GB),APPLE,2024,8499000,8,128,Apple M2,12 MP • Wide • f/1.8,7607,20,iPadOS 17.4,https://carisinyal.com/hp/apple-ipad-air-11-m2-wifi/
iPad Air 11 M2 (WiFi) (8GB/512GB),APPLE,2024,13999000,8,512,Apple M2,12 MP • Wide • f/1.8,7607,20,iPadOS 17.4,https://carisinyal.com/hp/apple-ipad-air-11-m2-wifi/
iPad Air 11 M2 (WiFi) (8GB/1024GB),APPLE,2024,17999000,8,1024,Apple M2,12 MP • Wide • f/1.8,7607,20,iPadOS 17.4,https://carisinyal.com/hp/apple-ipad-air-11-m2-wifi/
iPad 10.9 inch 2022 (WiFi) (4GB/64GB),APPLE,2022,4499000,4,64,Apple A14 Bionic,12 MP • Wide • f/1.8,7606,6,iPadOS 16,https://carisinyal.com/hp/apple-ipad-10-9-inch-2022-wifi/
iPad 10.9 inch 2022 (WiFi) (4GB/256GB),APPLE,2022,6999000,4,256,Apple A14 Bionic,12 MP • Wide • f/1.8,7606,6,iPadOS 16,https://carisinyal.com/hp/apple-ipad-10-9-inch-2022-wifi/
iPad 10.9 inch 2022 (WiFi + Cellular) (4GB/64GB),APPLE,2022,6999000,4,64,Apple A14 Bionic,12 MP • Wide • f/1.8,7606,6,iPadOS 16,https://carisinyal.com/hp/apple-ipad-2022/
iPad 10.9 inch 2022 (WiFi + Cellular) (4GB/256GB),APPLE,2022,9999000,4,256,Apple A14 Bionic,12 MP • Wide • f/1.8,7606,6,iPadOS 16,https://carisinyal.com/hp/apple-ipad-2022/
iPhone 14 (6GB/128GB),APPLE,2022,8749000,6,128,Apple A15 Bionic,12 MP • Wide • f/1.5 ; 12 MP • Ultrawide • f/2.4,3279,15,iOS 16,https://carisinyal.com/hp/apple-iphone-14/
iPhone 14 (6GB/256GB),APPLE,2022,10999000,6,256,Apple A15 Bionic,12 MP • Wide • f/1.5 ; 12 MP • Ultrawide • f/2.4,3279,15,iOS 16,https://carisinyal.com/hp/apple-iphone-14/
iPad 10.2 inch 2021 (WiFi) (3GB/64GB),APPLE,2021,3499000,3,64,Apple A13 Bionic,8 MP • Wide • f/2.4,8557,10,iPadOS 15 (Saat Rilis),https://carisinyal.com/hp/apple-ipad-10-2-inch-2021-wifi-cellular/
iPad 10.2 inch 2021 (WiFi) (3GB/256GB),APPLE,2021,5999000,3,256,Apple A13 Bionic,8 MP • Wide • f/2.4,8557,10,iPadOS 15 (Saat Rilis),https://carisinyal.com/hp/apple-ipad-10-2-inch-2021-wifi-cellular/
iPad 10.2 inch 2021 (WiFi + Cellular) (3GB/64GB),APPLE,2021,5999000,3,64,Apple A13 Bionic,8 MP • Wide • f/2.4,8557,10,iPadOS 15 (Saat Rilis),https://carisinyal.com/hp/apple-ipad-10-2-2021/
iPad 10.2 inch 2021 (WiFi + Cellular) (3GB/256GB),APPLE,2021,7999000,3,256,Apple A13 Bionic,8 MP • Wide • f/2.4,8557,10,iPadOS 15 (Saat Rilis),https://carisinyal.com/hp/apple-ipad-10-2-2021/
iPhone 13 (4GB/128GB),APPLE,2021,8249000,4,128,Apple A15 Bionic,12 MP • Wide • f/1.6 ; 12 MP • Ultrawide • f/2.4,3240,20,iOS 15,https://carisinyal.com/hp/apple-iphone-13/
Honor X6c (6GB/256GB),HONOR,2026,2999000,6,256,MediaTek Helio G81 Ultra,50 MP • Wide • f/1.8,5300,35,"Android 15, MagicOS 9.0",https://carisinyal.com/hp/honor-x6c/
Honor X7d (8GB/512GB),HONOR,2025,4499000,8,512,Qualcomm Snapdragon 685,108 MP • Wide • f/1.75 ; 2 MP • Depth • f/2.4,6500,35,"Android 15, MagicOS 9",https://carisinyal.com/hp/honor-x7d/
Honor Pad X9a (8GB/128GB),HONOR,2025,4299000,8,128,Qualcomm Snapdragon 685,8 MP • Wide • f/2.0,8300,35,"Android 15, MagicOS 9",https://carisinyal.com/hp/honor-pad-x9a/
Honor Pad X7 (4GB/128GB),HONOR,2025,1499000,4,128,Qualcomm Snapdragon 680,8 MP • Wide • f/2.0,7020,10,"Android 15, MagicOS 9",https://carisinyal.com/hp/honor-pad-x7/
Honor Pad 10 (8GB/256GB),HONOR,2025,5699000,8,256,Qualcomm Snapdragon 7 Gen 3,8 MP • Wide • f/2.0,10100,35,"Android 15, MagicOS 9",https://carisinyal.com/hp/honor-pad-10/
Honor 400 Lite 5G (8GB/256GB),HONOR,2025,3999000,8,256,MediaTek Dimensity 7025,50 MP • Wide • f/1.8 ; 5 MP • Ultrawide • f/2.2,5230,35,"Android 15, MagicOS 9",https://carisinyal.com/hp/honor-400-lite/
Honor 400 (12GB/512GB),HONOR,2025,6299000,12,512,Qualcomm Snapdragon 7 Gen 3,200 MP • Wide • f/1.9 ; 12 MP • Ultrawide • f/2.2,6000,80,"Android 15, MagicOS 9.0",https://carisinyal.com/hp/honor-400/
Honor 200 Pro (12GB/512GB),HONOR,2024,8799000,12,512,Qualcomm Snapdragon 8s Gen 3,50 MP • Wide • f/1.9 ; 50 MP • Telephoto • f/2.4 ; 12 MP • Ultrawide • f/2.2,5200,100,"Android 14, MagicOS 8",https://carisinyal.com/hp/honor-200-pro/
Honor Pad 9 (8GB/256GB),HONOR,2023,4799000,8,256,Qualcomm Snapdragon 6 Gen 1,13 MP • Wide • f/2.0,8300,35,"Android 13, Magic UI 7.2",https://carisinyal.com/hp/honor-pad-9/
Honor Pad X8a (4GB/128GB),HONOR,2024,2299000,4,128,Qualcomm Snapdragon 680,5 MP • Wide • f/2.2,8300,10,"Android 14, MagicOS 8",https://carisinyal.com/hp/honor-pad-x8a/
Huawei Mate X7 (16GB/512GB),HUAWEI,2025,27799000,16,512,Kirin 9030 Pro,50 MP • Wide • f/1.49–f/4.0 ; 50 MP • Periscope Telephoto • f/2.2 ; 40 MP • Ultrawide • f/2.2,5600,66,EMUI 15.0,https://carisinyal.com/hp/huawei-mate-x7/
Huawei nova 14 Pro (12GB/512GB),HUAWEI,2025,8499000,12,512,Kirin 8020,50 MP • Wide • f/1.4-4.0 ; 12 MP • Telephoto • f/2.4 ; 8 MP • Ultrawide • f/2.2,5500,100,EMUI 15.0,https://carisinyal.com/hp/huawei-nova-14-pro/
Huawei MatePad 12X (2026) (12GB/256GB),HUAWEI,2025,9599000,12,256,Kirin T92B,50 MP • Wide • f/1.8,10100,66,HarmonyOS 4.3,https://carisinyal.com/hp/huawei-matepad-12-x-2025/
Huawei Pura 80 (12GB/256GB),HUAWEI,2025,9999000,12,256,Kirin 9010S,50 MP • Wide • f/1.4–f/4.0 ; 12 MP • Periscope Telephoto • f/3.4 ; 13 MP • Ultrawide • f/2.2,5170,66,EMUI 15.0,https://carisinyal.com/hp/huawei-pura-80/
Huawei Pura 80 Ultra (16GB/512GB),HUAWEI,2025,20799000,16,512,Kirin 9020,50 MP • Wide • f/1.4-f/4.0 ; 40 MP • Ultrawide • f/2.2 ; 50 MP • Periscope Telephoto • f/2.4 ; 12.5 MP • Periscope Telephoto • f/3.6,5170,100,EMUI 15,https://carisinyal.com/hp/huawei-pura-80-ultra/
Huawei Pura 80 Pro (12GB/512GB),HUAWEI,2025,13499000,12,512,Kirin 9020,50 MP • Wide • f/1.4-f/4.0 ; 40 MP • Ultrawide • f/2.2 ; 48 MP • Telephoto • f/2.1,5170,100,EMUI 15,https://carisinyal.com/hp/huawei-pura-80-pro/
Huawei MatePad 11.5 (2025) (8GB/256GB),HUAWEI,2025,5999000,8,256,Kirin T82B,13 MP • Wide • f/1.8,10100,40,Harmony OS 4.3,https://carisinyal.com/hp/huawei-matepad-11-5-2025/
Huawei MatePad Pro 12.2 (2025) (12GB/512GB),HUAWEI,2025,12999000,12,512,Kirin T9A,50 MP • Wide • f/1.8 ; 8 MP • Ultrawide • f//2.2,10100,100,HarmonyOS 4.3,https://carisinyal.com/hp/huawei-matepad-pro-12-2-2025/
Huawei Mate X6 (12GB/512GB),HUAWEI,2024,24999000,12,512,Kirin 9020,50 MP • Wide • f/1.4-f/4.0 ; 40 MP • Ultrawide • f/2.2 ; 40 MP • Periscope Telephoto • f/3.0,5110,66,HarmonyOS 4.3,https://carisinyal.com/hp/huawei-mate-x6/
Huawei MatePad Pro 13.2 (2025) (12GB/512GB),HUAWEI,2025,13199000,12,512,Kirin T92,50 MP • Wide • f/1.8 ; 8 MP • Ultrawide • f/2.2,10100,100,Harmony OS 4.3,https://carisinyal.com/hp/huawei-matepad-pro-13-2-2025/
Huawei MatePad SE 11 Kids Edition (4GB/128GB),HUAWEI,2024,3199000,4,128,Kirin 710A,8 MP • Wide • f/2.0,7700,5,HarmonyOS 2.0,https://carisinyal.com/hp/huawei-matepad-se-11-kids-edition/
Huawei MatePad SE 11 (2024) (4GB/128GB),HUAWEI,2024,2099000,4,128,Qualcomm Snapdragon 680,8 MP • Wide • f/2.0,7700,5,HarmonyOS 2.0,https://carisinyal.com/hp/huawei-matepad-se-11-2/
Huawei MatePad SE 11 (2024) (6GB/128GB),HUAWEI,2024,2599000,6,128,Qualcomm Snapdragon 680,8 MP • Wide • f/2.0,7700,5,HarmonyOS 2.0,https://carisinyal.com/hp/huawei-matepad-se-11-2/
Huawei MatePad 11.5 (8GB/128GB),HUAWEI,2023,4279000,8,128,Qualcomm Snapdragon 7 Gen 1,13 MP • Wide • f/1.8,7700,5,HarmonyOS 3.1,https://carisinyal.com/hp/huawei-matepad-11-5/
Infinix Smart 20 (4GB/64GB),INFINIX,2026,1399000,4,64,MediaTek Helio G81 Ultimate,8 MP • Wide • f/2.0,5200,15,"Android 16, XOS 16",https://carisinyal.com/hp/infinix-smart-20/
Infinix Smart 20 (4GB/128GB),INFINIX,2026,1499000,4,128,MediaTek Helio G81 Ultimate,8 MP • Wide • f/2.0,5200,15,"Android 16, XOS 16",https://carisinyal.com/hp/infinix-smart-20/
Infinix XPAD 30E (4GB/128GB),INFINIX,2026,2349000,4,128,MediaTek Helio G80,8 MP • Wide,7200,10,"Android 15, XOS",https://carisinyal.com/hp/infinix-xpad-30e/
Infinix Note 60 Pro (8GB/256GB),INFINIX,2026,5499000,8,256,Qualcomm Snapdragon 7s Gen 4,50 MP • Wide • f/1.59 ; 8 MP • Ultrawide • f/2.2,6500,90,"Android 16, XOS 16",https://carisinyal.com/hp/infinix-note-60-pro-5g/
Infinix Note 60 Pro (12GB/256GB),INFINIX,2026,5999000,12,256,Qualcomm Snapdragon 7s Gen 4,50 MP • Wide • f/1.59 ; 8 MP • Ultrawide • f/2.2,6500,90,"Android 16, XOS 16",https://carisinyal.com/hp/infinix-note-60-pro-5g/
Infinix Note 60 (8GB/256GB),INFINIX,2026,4099000,8,256,MediaTek Dimensity 7400 Ultimate,50 MP • Wide • f/1.59 ; 8 MP • Ultrawide • f/2.2,6500,45,"Android 16, XOS 16",https://carisinyal.com/hp/infinix-note-60-5g/
Infinix XPAD Edge (8GB/256GB),INFINIX,2026,4599000,8,256,Qualcomm Snapdragon 685,8 MP • Wide • F/2.0,8000,18,Android 15,https://carisinyal.com/hp/infinix-xpad-edge/
Infinix Note Edge 5G (8GB/128GB),INFINIX,2026,3249000,8,128,MediaTek Dimensity 7100,50 MP • Wide • f/1.8,6500,45,"Android 16, XOS 16",https://carisinyal.com/hp/infinix-note-edge-5g/
Infinix Note Edge 5G (8GB/256GB),INFINIX,2026,3449000,8,256,MediaTek Dimensity 7100,50 MP • Wide • f/1.8,6500,45,"Android 16, XOS 16",https://carisinyal.com/hp/infinix-note-edge-5g/
Infinix XPAD 20 Pro (8GB/128GB),INFINIX,2025,3199000,8,128,Mediatek Helio G100 Ultimate,8 MP • Wide • f/2.0,8000,18,Android 15,https://carisinyal.com/hp/infinix-xpad-20-pro/
Infinix XPAD 20 Pro (8GB/256GB),INFINIX,2025,3399000,8,256,Mediatek Helio G100 Ultimate,8 MP • Wide • f/2.0,8000,18,Android 15,https://carisinyal.com/hp/infinix-xpad-20-pro/
Infinix GT 30 (8GB/256GB),INFINIX,2025,3399000,8,256,MediaTek Dimensity 7400,64 MP • Wide • f/1.9 ; 8 MP • Ultrawide • f/2.2,5500,45,"Android 15, XOS 15",https://carisinyal.com/hp/infinix-gt-30/
Infinix Hot 60 Pro+ (8GB/128GB),INFINIX,2025,2699000,8,128,MediaTek Helio G200,50 MP • Wide • f/1.79 ; AI,5160,45,"Android 15, XOS 15.1",https://carisinyal.com/hp/infinix-hot-60-pro-plus/
Infinix Hot 60 Pro+ (8GB/256GB),INFINIX,2025,2899000,8,256,MediaTek Helio G200,50 MP • Wide • f/1.79 ; AI,5160,45,"Android 15, XOS 15.1",https://carisinyal.com/hp/infinix-hot-60-pro-plus/
Infinix Hot 60 Pro (8GB/128GB),INFINIX,2025,2099000,8,128,MediaTek Helio G200,50 MP • Wide • f/1.6 ; AI,5160,45,"Android 15, XOS 15.1",https://carisinyal.com/hp/infinix-hot-60-pro/
Infinix Hot 60 Pro (8GB/256GB),INFINIX,2025,2549000,8,256,MediaTek Helio G200,50 MP • Wide • f/1.6 ; AI,5160,45,"Android 15, XOS 15.1",https://carisinyal.com/hp/infinix-hot-60-pro/
Infinix Hot 60i (6GB/128GB),INFINIX,2025,1699000,6,128,MediaTek Helio G81 Ultimate,50 MP • Wide • f/1.79 ; AI,5160,45,"Android 15, XOS 15.1",https://carisinyal.com/hp/infinix-hot-60i/
Infinix Hot 60i (8GB/256GB),INFINIX,2025,2099000,8,256,MediaTek Helio G81 Ultimate,50 MP • Wide • f/1.79 ; AI,5160,45,"Android 15, XOS 15.1",https://carisinyal.com/hp/infinix-hot-60i/
Infinix Smart 10 Plus (8GB/128GB),INFINIX,2025,1449000,8,128,UNISOC T7250,8 MP • Wide • f/2.0,6000,18,"Android 15 (edisi Go), XOS 15",https://carisinyal.com/hp/infinix-smart-10-plus/
Infinix Smart 10 (3GB/64GB),INFINIX,2025,1199000,3,64,UNISOC T7250,8 MP • Wide • f/2.0,5000,15,"Android 15 (edisi Go), XOS 15",https://carisinyal.com/hp/infinix-smart-10/
Infinix Smart 10 (4GB/64GB),INFINIX,2025,1299000,4,64,UNISOC T7250,8 MP • Wide • f/2.0,5000,15,"Android 15 (edisi Go), XOS 15",https://carisinyal.com/hp/infinix-smart-10/
Infinix Smart 10 (4GB/128GB),INFINIX,2025,1399000,4,128,UNISOC T7250,8 MP • Wide • f/2.0,5000,15,"Android 15 (edisi Go), XOS 15",https://carisinyal.com/hp/infinix-smart-10/
Infinix XPAD 20 (4GB/128GB),INFINIX,2025,2199000,4,128,MediaTek Helio G88,8 MP • Wide • f/2.0,7000,10,Android 15,https://carisinyal.com/hp/infinix-xpad-20/
Infinix XPAD 20 (8GB/256GB),INFINIX,2025,2699000,8,256,MediaTek Helio G88,8 MP • Wide • f/2.0,7000,10,Android 15,https://carisinyal.com/hp/infinix-xpad-20/
Infinix XPAD GT (8GB/256GB),INFINIX,2025,6099000,8,256,Qualcomm Snapdragon 888,13 MP • Wide • f/2.0,10000,33,"Android 14, XOS",https://carisinyal.com/hp/infinix-xpad-gt/
Infinix GT 30 Pro (8GB/256GB),INFINIX,2025,3799000,8,256,MediaTek Dimensity 8350,108 MP • Wide • f/1.89 ; 8 MP • Ultrawide • f/2.2,5500,45,"Android 15, XOS 15",https://carisinyal.com/hp/infinix-gt-30-pro/
Infinix GT 30 Pro (12GB/512GB),INFINIX,2025,4399000,12,512,MediaTek Dimensity 8350,108 MP • Wide • f/1.89 ; 8 MP • Ultrawide • f/2.2,5500,45,"Android 15, XOS 15",https://carisinyal.com/hp/infinix-gt-30-pro/
Infinix Note 50S 5G (8GB/256GB),INFINIX,2025,3049000,8,256,MediaTek Dimensity 7300 Ultimate,64 MP • Wide • f/1.75 ; 2 MP • Macro • f/2.4,5200,45,Android 15,https://carisinyal.com/hp/infinix-note-50s-5g/
Infinix Note 50X 5G (8GB/256GB),INFINIX,2025,2499000,8,256,MediaTek Dimensity 7300 Ultimate,50 MP • Wide • f/1.6,5200,45,"Android 15, XOS 15.0.1",https://carisinyal.com/hp/infinix-note-50x/
Infinix Note 50 Pro (8GB/256GB),INFINIX,2025,3049000,8,256,MediaTek Helio G100,50 MP • Wide • f/1.88 ; 8 MP • Ultrawide • f/2.2,5200,90,"Android 15, XOS 15.0.1",https://carisinyal.com/hp/infinix-note-50-pro/
Infinix Note 50 (8GB/256GB),INFINIX,2025,2699000,8,256,MediaTek Helio G100,50 MP • Wide • f/1.88 ; 2 MP • Macro • f/2.4,5200,45,"Android 15, XOS 15.0.1",https://carisinyal.com/hp/infinix-note-50/
Motorola Razr 60 (8GB/256GB),MOTOROLA,2025,10399000,8,256,MediaTek Dimensity 7400X,50 MP • Wide • f/1.7 ; 13 MP • Ultrawide • f/2.2,4500,30,Android 15,https://carisinyal.com/hp/motorola-razr-60/
Motorola Moto G57 Power (8GB/128GB),MOTOROLA,2025,2949000,8,128,Qualcomm Snapdragon 6s Gen 4,50 MP • Wide • f/1.8 ; 8 MP • Ultrawide • f/2.2,7000,30,Android 16,https://carisinyal.com/hp/motorola-moto-g57-power/
Motorola Moto G57 Power (8GB/256GB),MOTOROLA,2025,3199000,8,256,Qualcomm Snapdragon 6s Gen 4,50 MP • Wide • f/1.8 ; 8 MP • Ultrawide • f/2.2,7000,30,Android 16,https://carisinyal.com/hp/motorola-moto-g57-power/
Motorola Moto G67 Power 5G (8GB/256GB),MOTOROLA,2025,3399000,8,256,Qualcomm Snapdragon 7s Gen 2,50 MP • Wide • f/1.8 ; 8 MP • Ultrawide • f/2.2,7000,30,Android 15,https://carisinyal.com/hp/motorola-moto-g67-power-5g/
Motorola Moto Pad 60 Neo (4GB/128GB),MOTOROLA,2025,2999000,4,128,Mediatek Dimensity 6300,8 MP • Wide,7040,20,Android 15,https://carisinyal.com/hp/motorola-moto-pad-60-neo/
Motorola Moto G06 Power (4GB/128GB),MOTOROLA,2025,1699000,4,128,MediaTek Helio G81 Extreme,50 MP • Wide • f/1.8,7000,18,"Android 15, Hello UI",https://carisinyal.com/hp/motorola-moto-g06-power/
Motorola Moto Pad 60 Pro (8GB/256GB),MOTOROLA,2025,6099000,8,256,Mediatek Dimensity 8300,13 MP • Wide,10200,45,Android 14,https://carisinyal.com/hp/motorola-moto-pad-60-pro/
Motorola Moto Pad 60 Lite (4GB/128GB),MOTOROLA,2025,1899000,4,128,MediaTek Helio G85,8 MP • Wide,5100,20,Android 15,https://carisinyal.com/hp/motorola-moto-pad-60-lite/
Motorola Moto G86 Power (8GB/256GB),MOTOROLA,2025,3899000,8,256,MediaTek Dimensity 7400,50 MP • Wide • f/1.9 ; 8 MP • Ultrawide • f/2.2,6270,33,Android 15,https://carisinyal.com/hp/motorola-moto-g86-power/
Motorola Edge 60 Pro (12GB/256GB),MOTOROLA,2025,6499000,12,256,MediaTek Dimensity 8350 Extreme,50 MP • Wide • f/1.8 ; 50 MP • Ultrawide • f/2.2 ; 10 MP • Telephoto • f/2.0,6000,90,Android 15,https://carisinyal.com/hp/motorola-edge-60-pro/
Motorola Edge 60 Fusion (12GB/256GB),MOTOROLA,2025,5699000,12,256,MediaTek Dimensity 7400,50 MP • Wide • f/1.9 ; 13 MP • Ultrawide • f/2.2,5500,68,Android 15,https://carisinyal.com/hp/motorola-edge-60-fusion/
OPPO A6s (8GB/128GB),OPPO,2026,4899000,8,128,Qualcomm Snapdragon 685,50 MP • Wide • f/1.8 ; 2 MP • Monochrome • f/2.4,7000,80,"Android 15, ColorOS 15.0",https://carisinyal.com/hp/oppo-a6s/
OPPO A6s (8GB/256GB),OPPO,2026,5399000,8,256,Qualcomm Snapdragon 685,50 MP • Wide • f/1.8 ; 2 MP • Monochrome • f/2.4,7000,80,"Android 15, ColorOS 15.0",https://carisinyal.com/hp/oppo-a6s/
OPPO Pad 5 Matte Display Edition (8GB/256GB),OPPO,2026,7999000,8,256,MediaTek Dimensity 7300 Ultra,8 MP • Wide • f/2.0,10050,33,"Android 16, ColorOS 16",https://carisinyal.com/hp/oppo-pad-5-matte-display-edition/
OPPO A6t Pro 5G (8GB/256GB),OPPO,2026,4799000,8,256,MediaTek Dimensity 6300,50 MP • Wide • f/1.8 ; 2 MP • Monochrome • f/2.4,7000,80,"Android 15, ColorOS 15",https://carisinyal.com/hp/oppo-a6t-pro-5g/
OPPO A6t Pro (8GB/128GB),OPPO,2026,3599000,8,128,Qualcomm Snapdragon 685,50 MP • Wide • f/1.8 ; 2 MP • Monochrome • f/2.4,7000,44,"Android 15, ColorOS 15",https://carisinyal.com/hp/oppo-a6t-pro/
OPPO A6t (4GB/64GB),OPPO,2026,1799000,4,64,Qualcomm Snapdragon 685,13 MP • Wide • f/2.2 ; 0.08 MP • Monochrome • f/3.0,6500,10,"Android 15, ColorOS 15",https://carisinyal.com/hp/oppo-a6t/
OPPO A6t (4GB/128GB),OPPO,2026,2199000,4,128,Qualcomm Snapdragon 685,13 MP • Wide • f/2.2 ; 0.08 MP • Monochrome • f/3.0,6500,10,"Android 15, ColorOS 15",https://carisinyal.com/hp/oppo-a6t/
OPPO A6t (6GB/128GB),OPPO,2026,2999000,6,128,Qualcomm Snapdragon 685,13 MP • Wide • f/2.2 ; 0.08 MP • Monochrome • f/3.0,6500,10,"Android 15, ColorOS 15",https://carisinyal.com/hp/oppo-a6t/
OPPO Reno15 Pro Max 5G (12GB/512GB),OPPO,2026,13799000,12,512,MediaTek Dimensity 8450,200 MP • Wide • F/1.8 ; 50 MP • Ultrawide • F/2.0 ; 50 MP • Telephoto • F/2.8,6500,80,"Android 16, ColorOS 16",https://carisinyal.com/hp/oppo-reno15-pro-max/
OPPO Reno15 F 5G (8GB/128GB),OPPO,2026,5799000,8,128,Qualcomm Snapdragon 6 Gen 1,50 MP • Ultrawide • f/1.8 ; 8 MP • Ultrawide • f/2.2 ; 2 MP • Macro • f/2.4,7000,80,ColorOS 16.0,https://carisinyal.com/hp/oppo-reno15-f-5g/
OPPO Reno15 F 5G (8GB/256GB),OPPO,2026,6299000,8,256,Qualcomm Snapdragon 6 Gen 1,50 MP • Ultrawide • f/1.8 ; 8 MP • Ultrawide • f/2.2 ; 2 MP • Macro • f/2.4,7000,80,ColorOS 16.0,https://carisinyal.com/hp/oppo-reno15-f-5g/
OPPO Reno15 F 5G (12GB/256GB),OPPO,2026,6799000,12,256,Qualcomm Snapdragon 6 Gen 1,50 MP • Ultrawide • f/1.8 ; 8 MP • Ultrawide • f/2.2 ; 2 MP • Macro • f/2.4,7000,80,ColorOS 16.0,https://carisinyal.com/hp/oppo-reno15-f-5g/
OPPO Reno15 5G (8GB/256GB),OPPO,2026,8099000,8,256,Qualcomm Snapdragon 7 Gen 4,50 MP • Wide • f/1.8 ; 50 MP • Telephoto • f/2.8 ; 8 MP • Ultrawide • f/2.2,6500,80,"Android 16, ColorOS 16",https://carisinyal.com/hp/oppo-reno15/
OPPO Reno15 5G (12GB/256GB),OPPO,2026,8799000,12,256,Qualcomm Snapdragon 7 Gen 4,50 MP • Wide • f/1.8 ; 50 MP • Telephoto • f/2.8 ; 8 MP • Ultrawide • f/2.2,6500,80,"Android 16, ColorOS 16",https://carisinyal.com/hp/oppo-reno15/
OPPO A6 (6GB/128GB),OPPO,2025,3699000,6,128,Qualcomm Snapdragon 685,50 MP • Wide • f/1.8 ; 2 MP • Monochrome • f/2.4,7000,45,"Android 15, ColorOS 15.0",https://carisinyal.com/hp/oppo-a6/
OPPO A6 (6GB/256GB),OPPO,2025,3999000,6,256,Qualcomm Snapdragon 685,50 MP • Wide • f/1.8 ; 2 MP • Monochrome • f/2.4,7000,45,"Android 15, ColorOS 15.0",https://carisinyal.com/hp/oppo-a6/
OPPO A6x (4GB/64GB),OPPO,2025,1999000,4,64,Qualcomm Snapdragon 685,13 MP • Wide • f/2.2 ; 0.08 MP • Monochrome • f/3.0,6500,15,"Android 15, ColorOS 15.0",https://carisinyal.com/hp/oppo-a6x/
OPPO A6x (4GB/128GB),OPPO,2025,2699000,4,128,Qualcomm Snapdragon 685,13 MP • Wide • f/2.2 ; 0.08 MP • Monochrome • f/3.0,6500,15,"Android 15, ColorOS 15.0",https://carisinyal.com/hp/oppo-a6x/
OPPO A6x (6GB/128GB),OPPO,2025,3299000,6,128,Qualcomm Snapdragon 685,13 MP • Wide • f/2.2 ; 0.08 MP • Monochrome • f/3.0,6500,15,"Android 15, ColorOS 15.0",https://carisinyal.com/hp/oppo-a6x/
OPPO A6x (6GB/256GB),OPPO,2025,3599000,6,256,Qualcomm Snapdragon 685,13 MP • Wide • f/2.2 ; 0.08 MP • Monochrome • f/3.0,6500,15,"Android 15, ColorOS 15.0",https://carisinyal.com/hp/oppo-a6x/
OPPO A6x (8GB/128GB),OPPO,2025,3599000,8,128,Qualcomm Snapdragon 685,13 MP • Wide • f/2.2 ; 0.08 MP • Monochrome • f/3.0,6500,15,"Android 15, ColorOS 15.0",https://carisinyal.com/hp/oppo-a6x/
OPPO Find X9 Pro (16GB/512GB),OPPO,2025,19999000,16,512,Mediatek Dimensity 9500,50 MP • Wide • f/1.5 ; 200 MP • Periscope Telephoto • f/2.1 ; 50 MP • Ultrawide • f/2.0 ; 2 MP • Monochrome • f/2.4,7500,80,"Android 16, ColorOS 16",https://carisinyal.com/hp/oppo-find-x9-pro/
OPPO Find X9 (12GB/256GB),OPPO,2025,13999000,12,256,Mediatek Dimensity 9500,50 MP • Wide • f/1.6 ; 50 MP • Periscope Telephoto • f/2.6 ; 50 MP • Ultrawide • f/2.0 ; 2 MP • Monochrome • f/2.4,7025,80,"Android 16, ColorOS 16",https://carisinyal.com/hp/oppo-find-x9/
OPPO Find X9 (16GB/512GB),OPPO,2025,16999000,16,512,Mediatek Dimensity 9500,50 MP • Wide • f/1.6 ; 50 MP • Periscope Telephoto • f/2.6 ; 50 MP • Ultrawide • f/2.0 ; 2 MP • Monochrome • f/2.4,7025,80,"Android 16, ColorOS 16",https://carisinyal.com/hp/oppo-find-x9/
OPPO A6 Pro (8GB/128GB),OPPO,2025,4099000,8,128,Mediatek Helio G100,50 MP • Wide • f/1.8 ; 2 MP • Monochrome • f/2.4,7000,80,"Android 15, ColorOS 15",https://carisinyal.com/hp/oppo-a6-pro-2/
OPPO A6 Pro (8GB/256GB),OPPO,2025,4499000,8,256,Mediatek Helio G100,50 MP • Wide • f/1.8 ; 2 MP • Monochrome • f/2.4,7000,80,"Android 15, ColorOS 15",https://carisinyal.com/hp/oppo-a6-pro-2/
OPPO A6 Pro 5G (8GB/256GB),OPPO,2025,4799000,8,256,MediaTek Dimensity 6300,50 MP • Wide • f/1.8 ; 2 MP • Monochrome • f/2.4,7000,80,"Android 15, ColorOS 15",https://carisinyal.com/hp/oppo-a6-pro-5g/
OPPO Pad SE (4GB/128GB),OPPO,2025,2499000,4,128,MediaTek Helio G100,5 MP • Wide • f/2.2,9340,33,"Android 15, ColorOS 15",https://carisinyal.com/hp/oppo-pad-se/
OPPO Reno14 Pro 5G (12GB/512GB),OPPO,2025,10999000,12,512,MediaTek Dimensity 8450,50 MP • Wide • f/1.8 ; 50 MP • Ultrawide • f/2.0 ; 50 MP • Periscope Telephoto • f/2.8,6200,80,"Android 15, ColorOS 15",https://carisinyal.com/hp/oppo-reno14-pro/
OPPO Reno14 5G (8GB/256GB),OPPO,2025,7499000,8,256,MediaTek Dimensity 8350,50 MP • Wide • f/1.8 ; 8 MP • Ultrawide • f/2.2 ; 50 MP • Telephoto • f/2.8,6000,80,"Android 15, ColorOS 15",https://carisinyal.com/hp/oppo-reno14/
OPPO Reno14 5G (12GB/256GB),OPPO,2025,7999999,12,256,MediaTek Dimensity 8350,50 MP • Wide • f/1.8 ; 8 MP • Ultrawide • f/2.2 ; 50 MP • Telephoto • f/2.8,6000,80,"Android 15, ColorOS 15",https://carisinyal.com/hp/oppo-reno14/
OPPO Reno14 F 5G (8GB/128GB),OPPO,2025,4599000,8,128,Qualcomm Snapdragon 6 Gen 1,50 MP • Wide • f/1.8 ; 8 MP • Ultrawide • f/2.2 ; 2 MP • Macro • f/2.4,6000,45,"Android 15, ColorOS 15",https://carisinyal.com/hp/oppo-reno14-f-5g/
OPPO Reno14 F 5G (8GB/256GB),OPPO,2025,5599000,8,256,Qualcomm Snapdragon 6 Gen 1,50 MP • Wide • f/1.8 ; 8 MP • Ultrawide • f/2.2 ; 2 MP • Macro • f/2.4,6000,45,"Android 15, ColorOS 15",https://carisinyal.com/hp/oppo-reno14-f-5g/
OPPO Reno14 F 5G (12GB/256GB),OPPO,2025,5999000,12,256,Qualcomm Snapdragon 6 Gen 1,50 MP • Wide • f/1.8 ; 8 MP • Ultrawide • f/2.2 ; 2 MP • Macro • f/2.4,6000,45,"Android 15, ColorOS 15",https://carisinyal.com/hp/oppo-reno14-f-5g/
OPPO Reno14 F 5G (12GB/512GB),OPPO,2025,6999000,12,512,Qualcomm Snapdragon 6 Gen 1,50 MP • Wide • f/1.8 ; 8 MP • Ultrawide • f/2.2 ; 2 MP • Macro • f/2.4,6000,45,"Android 15, ColorOS 15",https://carisinyal.com/hp/oppo-reno14-f-5g/
OPPO A5 (8GB/128GB),OPPO,2025,2499000,8,128,Qualcomm Snapdragon 6s 4G Gen1,50 MP • Wide • f/1.8 ; 2 MP • Monochrome • f/2.4,6000,45,"Android 15, ColorOS 15",https://carisinyal.com/hp/oppo-a5/
OPPO A5 (8GB/256GB),OPPO,2025,2899000,8,256,Qualcomm Snapdragon 6s 4G Gen1,50 MP • Wide • f/1.8 ; 2 MP • Monochrome • f/2.4,6000,45,"Android 15, ColorOS 15",https://carisinyal.com/hp/oppo-a5/
OPPO A5x (4GB/128GB),OPPO,2025,1899000,4,128,Qualcomm Snapdragon 6s 4G Gen1,32 MP • Wide • f/1.8,6000,45,"Android 15, ColorOS 15",https://carisinyal.com/hp/oppo-a5x/
OPPO A5x (6GB/128GB),OPPO,2025,2199000,6,128,Qualcomm Snapdragon 6s 4G Gen1,32 MP • Wide • f/1.8,6000,45,"Android 15, ColorOS 15",https://carisinyal.com/hp/oppo-a5x/
OPPO Pad 3 Matte Display Edition (8GB/256GB),OPPO,2024,8999000,8,256,MediaTek Dimensity 8350,8 MP • Wide • f/2.2,9520,67,"Android 15, ColorOS 15",https://carisinyal.com/hp/oppo-pad-3/
OPPO Pad Neo (8GB/128GB),OPPO,2024,4599000,8,128,MediaTek Helio G99,8 MP • Wide • f/2.0,8000,33,"Android 13, ColorOS 13.2",https://carisinyal.com/hp/oppo-pad-neo/
OPPO Find N5 (16GB/512GB),OPPO,2025,24999000,16,512,Qualcomm Snapdragon 8 Elite,50 MP • Wide • f/1.9 ; 8 MP • Ultrawide • f/2.2 ; 50 MP • Periscope Telephoto • f/2.7,5600,80,"Android 15, ColorOS 15",https://carisinyal.com/hp/oppo-find-n5/
OPPO A5 Pro (8GB/128GB),OPPO,2025,3099000,8,128,Qualcomm Snapdragon 6s 4G Gen1,50 MP • Wide • f/1.8 ; 2 MP • Depth • f/2.4,5800,45,"Android 15, ColorOS 15",https://carisinyal.com/hp/oppo-a5-pro/
OPPO A5 Pro (8GB/256GB),OPPO,2025,3499000,8,256,Qualcomm Snapdragon 6s 4G Gen1,50 MP • Wide • f/1.8 ; 2 MP • Depth • f/2.4,5800,45,"Android 15, ColorOS 15",https://carisinyal.com/hp/oppo-a5-pro/
OPPO A5 Pro 5G (8GB/256GB),OPPO,2025,4099000,8,256,MediaTek Dimensity 6300,50 MP • Wide • f/1.8 ; 2 MP • Depth • f/2.4,5800,45,"Android 15, ColorOS 15",https://carisinyal.com/hp/oppo-a5-pro-5g/
OPPO Reno13 5G (12GB/256GB),OPPO,2025,8999000,12,256,MediaTek Dimensity 8350,50 MP • Wide • f/1.8 ; 8 MP • Ultrawide • f/2.2,5600,80,"Android 15, ColorOS 15",https://carisinyal.com/hp/oppo-reno13-5g/
OPPO Reno13 5G (12GB/512GB),OPPO,2025,9999000,12,512,MediaTek Dimensity 8350,50 MP • Wide • f/1.8 ; 8 MP • Ultrawide • f/2.2,5600,80,"Android 15, ColorOS 15",https://carisinyal.com/hp/oppo-reno13-5g/
OPPO Reno13 F 5G (8GB/256GB),OPPO,2025,4799000,8,256,Qualcomm Snapdragon 6 Gen 1,50 MP • Wide • f/1.8 ; 8 MP • Ultrawide • f/2.2 ; 2 MP • Macro • f/2.4,5800,45,"Android 15, ColorOS 15",https://carisinyal.com/hp/oppo-reno13-f/
OPPO Reno13 F 5G (12GB/256GB),OPPO,2025,5799000,12,256,Qualcomm Snapdragon 6 Gen 1,50 MP • Wide • f/1.8 ; 8 MP • Ultrawide • f/2.2 ; 2 MP • Macro • f/2.4,5800,45,"Android 15, ColorOS 15",https://carisinyal.com/hp/oppo-reno13-f/
OPPO Reno13 F (8GB/256GB),OPPO,2025,3699000,8,256,Mediatek Helio G100,50 MP • Wide • f/1.8 ; 8 MP • Ultrawide • f/2.2 ; 2 MP • Macro • f/2.4,5800,45,"Android 15, ColorOS 15",https://carisinyal.com/hp/oppo-reno13-f-4g/
OPPO Reno12 F 5G (12GB/256GB),OPPO,2024,3899000,12,256,Mediatek Dimensity 6300,50 MP • Wide • f/1.8 ; 8 MP • Ultrawide • f/2.2 ; 2 MP • Macro • f/2.4,5000,45,"Android 14, ColorOS 14",https://carisinyal.com/hp/oppo-reno12-f-5g/
OPPO Reno12 F 5G (12GB/512GB),OPPO,2024,4699000,12,512,Mediatek Dimensity 6300,50 MP • Wide • f/1.8 ; 8 MP • Ultrawide • f/2.2 ; 2 MP • Macro • f/2.4,5000,45,"Android 14, ColorOS 14",https://carisinyal.com/hp/oppo-reno12-f-5g/
OPPO Pad 2 (8GB/256GB),OPPO,2023,6999000,8,256,MediaTek Dimensity 9000,13 MP • Wide • f/2.2,9510,67,"Android 13, ColorOS 13.1",https://carisinyal.com/hp/oppo-pad-2/
OPPO Pad Air (4GB/64GB),OPPO,2022,2999000,4,64,Qualcomm Snapdragon 680,8 MP • Wide • f/2.0,7100,18,"Android 12, ColorOS 12.1",https://carisinyal.com/hp/oppo-pad-air/
realme 16 Pro+ 5G (12GB/256GB),REALME,2026,8999000,12,256,Qualcomm Snapdragon 7 Gen 4,200 MP • Wide • f/1.8 ; 50 MP • Periscope Telephoto • f/2.8 ; 8 MP • Ultrawide • f/2.2,7000,80,"Android 16, Realme UI 7.0",https://carisinyal.com/hp/realme-16-pro-5g-2/
realme 16 Pro 5G (12GB/256GB),REALME,2026,6999000,12,256,MediaTek Dimensity 7300-Max,200 MP • Wide • f/1.8 ; 8 MP • Ultrawide • f/2.2,7000,80,"Android 16, Realme UI 7.0",https://carisinyal.com/hp/realme-16-pro-5g/
realme 16 5G (8GB/256GB),REALME,2026,5499000,8,256,MediaTek Dimensity 6400 Turbo,50 MP • Wide • f/1.8 ; 2 MP • Monochrome • f/2.4,7000,60,"Android 16, realme UI 7.0",https://carisinyal.com/hp/realme-16-5g/
realme 16 5G (12GB/256GB),REALME,2026,5999000,12,256,MediaTek Dimensity 6400 Turbo,50 MP • Wide • f/1.8 ; 2 MP • Monochrome • f/2.4,7000,60,"Android 16, realme UI 7.0",https://carisinyal.com/hp/realme-16-5g/
realme Note 80 (4GB/64GB),REALME,2026,1699000,4,64,UNISOC T7250,8 MP • Wide • f/2.0,6300,15,"Android 15, realme UI 6",https://carisinyal.com/hp/realme-note-80/
realme Note 80 (4GB/128GB),REALME,2026,1999000,4,128,UNISOC T7250,8 MP • Wide • f/2.0,6300,15,"Android 15, realme UI 6",https://carisinyal.com/hp/realme-note-80/
realme C85 5G (8GB/256GB),REALME,2026,3499000,8,256,MediaTek Dimensity 6300,50 MP • Wide • f/1.8,7000,45,"Android 15, realme UI 6.0",https://carisinyal.com/hp/realme-c85-5g/
realme C85 Pro (8GB/128GB),REALME,2025,3299000,8,128,Qualcomm Snapdragon 685,50 MP • Wide • f/1.8,7000,45,"Android 15, realme UI 6.0",https://carisinyal.com/hp/realme-c85-pro/
realme C85 Pro (8GB/256GB),REALME,2025,3599000,8,256,Qualcomm Snapdragon 685,50 MP • Wide • f/1.8,7000,45,"Android 15, realme UI 6.0",https://carisinyal.com/hp/realme-c85-pro/
realme C85 (6GB/128GB),REALME,2025,2499000,6,128,Qualcomm Snapdragon 685,50 MP • Wide • f/1.8,7000,45,"Android 15, realme UI 6.0",https://carisinyal.com/hp/realme-c85/
realme C85 (8GB/128GB),REALME,2025,2799000,8,128,Qualcomm Snapdragon 685,50 MP • Wide • f/1.8,7000,45,"Android 15, realme UI 6.0",https://carisinyal.com/hp/realme-c85/
realme C85 (8GB/256GB),REALME,2025,3199000,8,256,Qualcomm Snapdragon 685,50 MP • Wide • f/1.8,7000,45,"Android 15, realme UI 6.0",https://carisinyal.com/hp/realme-c85/
realme P3 Lite (4GB/128GB),REALME,2025,1699000,4,128,UNISOC T7250,50 MP • Wide • f/1.8,6300,15,"Android 15, realme UI 5.0",https://carisinyal.com/hp/realme-p3-lite/
realme 15T 5G (8GB/128GB),REALME,2025,3699000,8,128,Mediatek Dimensity 6400 Max,50 MP • Wide • f/1.8 ; 2 MP • Monochrome • f/2.4,7000,60,"Android 15, Realme UI 6.0",https://carisinyal.com/hp/realme-15t-5g/
realme 15T 5G (8GB/256GB),REALME,2025,3999000,8,256,Mediatek Dimensity 6400 Max,50 MP • Wide • f/1.8 ; 2 MP • Monochrome • f/2.4,7000,60,"Android 15, Realme UI 6.0",https://carisinyal.com/hp/realme-15t-5g/
realme 15 Pro 5G (12GB/256GB),REALME,2025,6999000,12,256,Qualcomm Snapdragon 7 Gen 4,50 MP • Wide • f/1.8 ; 50 MP • Ultrawide • f/2.0,7000,80,"Android 15, realme UI 6.0",https://carisinyal.com/hp/realme-15-pro-5g/
realme 15 Pro 5G (12GB/512GB),REALME,2025,7499000,12,512,Qualcomm Snapdragon 7 Gen 4,50 MP • Wide • f/1.8 ; 50 MP • Ultrawide • f/2.0,7000,80,"Android 15, realme UI 6.0",https://carisinyal.com/hp/realme-15-pro-5g/
realme 15 5G (8GB/256GB),REALME,2025,4999000,8,256,MediaTek Dimensity 7300+,50 MP • Wide • f/1.8 ; 8 MP • Ultrawide • f/2.2,7000,80,"Android 15, realme UI 6.0",https://carisinyal.com/hp/realme-15/
realme 15 5G (12GB/256GB),REALME,2025,5299000,12,256,MediaTek Dimensity 7300+,50 MP • Wide • f/1.8 ; 8 MP • Ultrawide • f/2.2,7000,80,"Android 15, realme UI 6.0",https://carisinyal.com/hp/realme-15/
realme Note 70 (4GB/64GB),REALME,2025,1499000,4,64,UNISOC T7250,13 MP • Wide • f/2.2,6300,15,"Android 15, realme UI 6",https://carisinyal.com/hp/realme-note-70/
realme Note 70 (4GB/128GB),REALME,2025,1599000,4,128,UNISOC T7250,13 MP • Wide • f/2.2,6300,15,"Android 15, realme UI 6",https://carisinyal.com/hp/realme-note-70/
realme C71 (4GB/128GB),REALME,2025,1899000,4,128,UNISOC T7250,50 MP • Wide • f/1.8 ; 2 MP • Depth,6300,45,"Android 15, realme UI 5.0",https://carisinyal.com/hp/realme-c71-nfc/
realme C71 (6GB/128GB),REALME,2025,2099000,6,128,UNISOC T7250,50 MP • Wide • f/1.8 ; 2 MP • Depth,6300,45,"Android 15, realme UI 5.0",https://carisinyal.com/hp/realme-c71-nfc/
realme C71 (8GB/128GB),REALME,2025,2399000,8,128,UNISOC T7250,50 MP • Wide • f/1.8 ; 2 MP • Depth,6300,45,"Android 15, realme UI 5.0",https://carisinyal.com/hp/realme-c71-nfc/
realme P3 5G (12GB/256GB),REALME,2025,3999000,12,256,Qualcomm Snapdragon 6 Gen 4,50 MP • Wide • f/1.8 ; Depth,6000,45,"Android 15, Realme UI 6.0",https://carisinyal.com/hp/realme-p3/
realme GT 7 (12GB/256GB),REALME,2025,6999000,12,256,Mediatek Dimensity 9400e,50 MP • Wide • f/1.8 ; 50 MP • Telephoto • f/2.0 ; 8 MP • Ultrawide • f/2.2,7000,120,"Android 15, realme UI 6.0",https://carisinyal.com/hp/realme-gt7/
realme GT 7T (12GB/256GB),REALME,2025,5499000,12,256,MediaTek Dimensity 8400 Max,50 MP • Wide • f/1.8 ; 8 MP • Ultrawide • f/2.2,7000,120,"Android 15, realme UI 6.0",https://carisinyal.com/hp/realme-gt-7t/
realme 14 5G (8GB/256GB),REALME,2025,4399000,8,256,Qualcomm Snapdragon 6 Gen 4,50 MP • Wide • f/1.8 ; Depth,6000,45,"Android 15, realme UI 6.0",https://carisinyal.com/hp/realme-14-5g/
realme 14 5G (12GB/512GB),REALME,2025,4999000,12,512,Qualcomm Snapdragon 6 Gen 4,50 MP • Wide • f/1.8 ; Depth,6000,45,"Android 15, realme UI 6.0",https://carisinyal.com/hp/realme-14-5g/
realme 14T 5G (8GB/128GB),REALME,2025,3399000,8,128,MediaTek Dimensity 6300,50 MP • Wide • f/1.8 ; 2 MP • Depth • f/2.4,6000,45,"Android 15, Realme UI 6.0",https://carisinyal.com/hp/realme-14t/
realme 14T 5G (12GB/256GB),REALME,2025,3799000,12,256,MediaTek Dimensity 6300,50 MP • Wide • f/1.8 ; 2 MP • Depth • f/2.4,6000,45,"Android 15, Realme UI 6.0",https://carisinyal.com/hp/realme-14t/
realme C75x (8GB/128GB),REALME,2025,2199000,8,128,MediaTek Helio G81,50 MP • Wide • f/1.8 ; 2 MP • Depth,5600,45,"Android 14, realme UI 5.0",https://carisinyal.com/hp/realme-c75x/
realme Note 60x (4GB/64GB),REALME,2025,1199000,4,64,UNISOC T612,8 MP • Wide,5000,10,"Android 14, realme UI",https://carisinyal.com/hp/realme-note-60x/
realme Note 60x (4GB/128GB),REALME,2025,1399000,4,128,UNISOC T612,8 MP • Wide,5000,10,"Android 14, realme UI",https://carisinyal.com/hp/realme-note-60x/
realme C75 (8GB/128GB),REALME,2024,2399000,8,128,MediaTek Helio G92 Max,50 MP • Wide • f/1.8,6000,45,"Android 14, realme UI 5.0",https://carisinyal.com/hp/realme-c75/
realme C75 (8GB/256GB),REALME,2024,2799000,8,256,MediaTek Helio G92 Max,50 MP • Wide • f/1.8,6000,45,"Android 14, realme UI 5.0",https://carisinyal.com/hp/realme-c75/
Samsung Galaxy A57 5G (8GB/128GB),SAMSUNG,Maret 2026,7599000,8,128,Exynos 1680,50 MP • Wide • f/1.8 ; 12 MP • Ultrawide • f/2.2 ; 5 MP • Macro • f/2.4,5000,45,"Android 16, One UI 8.5",https://carisinyal.com/hp/samsung-galaxy-a57-5g/
Samsung Galaxy A57 5G (8GB/256GB),SAMSUNG,Maret 2026,8299000,8,256,Exynos 1680,50 MP • Wide • f/1.8 ; 12 MP • Ultrawide • f/2.2 ; 5 MP • Macro • f/2.4,5000,45,"Android 16, One UI 8.5",https://carisinyal.com/hp/samsung-galaxy-a57-5g/
Samsung Galaxy A57 5G (12GB/256GB),SAMSUNG,Maret 2026,8999000,12,256,Exynos 1680,50 MP • Wide • f/1.8 ; 12 MP • Ultrawide • f/2.2 ; 5 MP • Macro • f/2.4,5000,45,"Android 16, One UI 8.5",https://carisinyal.com/hp/samsung-galaxy-a57-5g/
Samsung Galaxy A37 5G (8GB/128GB),SAMSUNG,2026,6599000,8,128,Exynos 1480,50 MP • Wide • f/1.8 ; 8 MP • Ultrawide • f/2.2 ; 5 MP • Macro • f/2.4,5000,45,"Android 16, One UI 8.5",https://carisinyal.com/hp/samsung-galaxy-a37-5g/
Samsung Galaxy A37 5G (8GB/256GB),SAMSUNG,2026,7299000,8,256,Exynos 1480,50 MP • Wide • f/1.8 ; 8 MP • Ultrawide • f/2.2 ; 5 MP • Macro • f/2.4,5000,45,"Android 16, One UI 8.5",https://carisinyal.com/hp/samsung-galaxy-a37-5g/
Samsung Galaxy S26 Ultra (12GB/256GB),SAMSUNG,2026,22999000,12,256,Qualcomm Snapdragon 8 Elite Gen 5,200 MP • Wide • f/1.4 ; 50 MP • Ultrawide • f/1.9 ; 50 MP • Periscope Telephoto • f/2.9 ; 10 MP • Telephoto • f/2.4,5000,60,"Android 16, One UI 8.5",https://carisinyal.com/hp/samsung-galaxy-s26-ultra/
Samsung Galaxy S26 Ultra (12GB/512GB),SAMSUNG,2026,24999000,12,512,Qualcomm Snapdragon 8 Elite Gen 5,200 MP • Wide • f/1.4 ; 50 MP • Ultrawide • f/1.9 ; 50 MP • Periscope Telephoto • f/2.9 ; 10 MP • Telephoto • f/2.4,5000,60,"Android 16, One UI 8.5",https://carisinyal.com/hp/samsung-galaxy-s26-ultra/
Samsung Galaxy S26 Ultra (12GB/1024GB),SAMSUNG,2026,28999000,12,1024,Qualcomm Snapdragon 8 Elite Gen 5,200 MP • Wide • f/1.4 ; 50 MP • Ultrawide • f/1.9 ; 50 MP • Periscope Telephoto • f/2.9 ; 10 MP • Telephoto • f/2.4,5000,60,"Android 16, One UI 8.5",https://carisinyal.com/hp/samsung-galaxy-s26-ultra/
Samsung Galaxy S26+ (12GB/256GB),SAMSUNG,2026,19499000,12,256,Exynos 2600,50 MP • Wide • f/1.8 ; 10 MP • Telephoto • f/2.4 ; 12 MP • Ultrawide • f/2.2,4900,45,"Android 16, One UI 8.5",https://carisinyal.com/hp/samsung-galaxy-s26-2/
Samsung Galaxy S26+ (12GB/512GB),SAMSUNG,2026,22499000,12,512,Exynos 2600,50 MP • Wide • f/1.8 ; 10 MP • Telephoto • f/2.4 ; 12 MP • Ultrawide • f/2.2,4900,45,"Android 16, One UI 8.5",https://carisinyal.com/hp/samsung-galaxy-s26-2/
Samsung Galaxy S26 (12GB/256GB),SAMSUNG,2026,16499000,12,256,Exynos 2600,50 MP • Wide • f/1.8 ; 10 MP • Telephoto • f/2.4 ; 12 MP • Ultrawide • f/2.2,4300,25,"Android 16, One UI 8.5",https://carisinyal.com/hp/samsung-galaxy-s26/
Samsung Galaxy S26 (12GB/512GB),SAMSUNG,2026,19499000,12,512,Exynos 2600,50 MP • Wide • f/1.8 ; 10 MP • Telephoto • f/2.4 ; 12 MP • Ultrawide • f/2.2,4300,25,"Android 16, One UI 8.5",https://carisinyal.com/hp/samsung-galaxy-s26/
Samsung Galaxy A07 5G (6GB/128GB),SAMSUNG,2026,2799000,6,128,MediaTek Dimensity 6300,50 MP • Wide • f/1.8 ; 2 MP • Depth • f/2.4,6000,25,"Android 16, One UI 8",https://carisinyal.com/hp/samsung-galaxy-a07-5g/
Samsung Galaxy Tab A11+ 5G (6GB/128GB),SAMSUNG,2025,3999000,6,128,Mediatek Dimensity 7300,8 MP • Wide • f/2.2,7040,25,"Android 16, One UI 8",https://carisinyal.com/hp/samsung-galaxy-tab-a11-5g/
Samsung Galaxy Tab A11+ (WiFi) (6GB/128GB),SAMSUNG,2025,2999000,6,128,Mediatek Dimensity 7300,8 MP • Wide • f/2.2,7040,25,"Android 16, One UI 8",https://carisinyal.com/hp/samsung-galaxy-tab-a11-plus/
Samsung Galaxy Tab Active5 Pro (8GB/256GB),SAMSUNG,2025,13999000,8,256,Qualcomm Snapdragon 7s Gen 3,12 MP • Wide • f/1.8,10100,10,"Android 15, One UI 7",https://carisinyal.com/hp/samsung-galaxy-tab-active5-pro/
Samsung Galaxy XCover7 Pro (6GB/128GB),SAMSUNG,2025,8499000,6,128,Qualcomm Snapdragon 7s Gen 3,50 MP • Wide • f/1.8 ; 8 MP • Ultrawide • f/2.2,4350,10,"Android 15, One UI 7",https://carisinyal.com/hp/samsung-galaxy-xcover7-pro/
Samsung Galaxy Tab A11 LTE (4GB/64GB),SAMSUNG,2025,2499000,4,64,Mediatek Helio G99,8 MP • Wide,5100,15,"Android 15, One UI 7",https://carisinyal.com/hp/samsung-galaxy-tab-a11-lte/
Samsung Galaxy Tab A11 (WiFi) (4GB/64GB),SAMSUNG,2025,1999000,4,64,Mediatek Helio G99,8 MP • Wide,5100,15,"Android 15, One UI 7",https://carisinyal.com/hp/samsung-galaxy-tab-a11-wifi/
Samsung Galaxy Tab S11 Ultra 5G (12GB/256GB),SAMSUNG,2025,22999000,12,256,Mediatek Dimensity 9400+,13 MP • Wide • f/2.0 ; 8 MP • Ultrawide • f/2.2,11600,45,"Android 15, One UI 7",https://carisinyal.com/hp/samsung-galaxy-tab-s11-ultra-5g/
Samsung Galaxy Tab S11 5G (12GB/256GB),SAMSUNG,2025,16499000,12,256,Mediatek Dimensity 9400+,13 MP • Wide • f/2.0,8400,45,"Android 15, One UI 7",https://carisinyal.com/hp/samsung-galaxy-tab-s11-5g/
Samsung Galaxy Tab S11 WiFi (12GB/256GB),SAMSUNG,2025,14999000,12,256,Mediatek Dimensity 9400+,13 MP • Wide • f/2.0,8400,45,"Android 15, One UI 7",https://carisinyal.com/hp/samsung-galaxy-tab-s11/
Samsung Galaxy Tab S10 Lite 5G (6GB/128GB),SAMSUNG,2025,5999000,6,128,Exynos 1380,8 MP • Wide,8000,25,"Android 15, One UI 7",https://carisinyal.com/hp/samsung-galaxy-tab-s10-lite-5g/
Samsung Galaxy Tab S10 Lite WiFi (6GB/128GB),SAMSUNG,2025,4999000,6,128,Exynos 1380,8 MP • Wide,8000,25,"Android 15, One UI 7",https://carisinyal.com/hp/samsung-galaxy-tab-s10-lite/
Samsung Galaxy S25 FE (8GB/128GB),SAMSUNG,2025,8999000,8,128,Exynos 2400,50 MP • Wide • f/1.8 ; 8 MP • Telephoto • f/2.4 ; 12 MP • Ultrawide • f/2.2,4900,45,"Android 15, One UI 7",https://carisinyal.com/hp/samsung-galaxy-s25-fe/
Samsung Galaxy S25 FE (8GB/256GB),SAMSUNG,2025,9999000,8,256,Exynos 2400,50 MP • Wide • f/1.8 ; 8 MP • Telephoto • f/2.4 ; 12 MP • Ultrawide • f/2.2,4900,45,"Android 15, One UI 7",https://carisinyal.com/hp/samsung-galaxy-s25-fe/
Samsung Galaxy S25 FE (8GB/512GB),SAMSUNG,2025,10999000,8,512,Exynos 2400,50 MP • Wide • f/1.8 ; 8 MP • Telephoto • f/2.4 ; 12 MP • Ultrawide • f/2.2,4900,45,"Android 15, One UI 7",https://carisinyal.com/hp/samsung-galaxy-s25-fe/
Samsung Galaxy A17 (8GB/128GB),SAMSUNG,2025,2999000,8,128,Mediatek Helio G99,50 MP • Wide • f/1.8 ; 5 MP • Ultrawide • f/2.2 ; 2 MP • Macro • f/2.4,5000,25,"Android 15, One UI 7",https://carisinyal.com/hp/samsung-galaxy-a17/
Samsung Galaxy A17 (8GB/256GB),SAMSUNG,2025,3399000,8,256,Mediatek Helio G99,50 MP • Wide • f/1.8 ; 5 MP • Ultrawide • f/2.2 ; 2 MP • Macro • f/2.4,5000,25,"Android 15, One UI 7",https://carisinyal.com/hp/samsung-galaxy-a17/
Samsung Galaxy A17 5G (8GB/256GB),SAMSUNG,2025,3699000,8,256,Exynos 1330,50 MP • Wide • f/1.8 ; 5 MP • Ultrawide • f/2.2 ; 2 MP • Macro • f/2.4,5000,25,"Android 15, One UI 7",https://carisinyal.com/hp/samsung-galaxy-a17-5g/
Samsung Galaxy A07 (4GB/64GB),SAMSUNG,2025,1599000,4,64,Mediatek Helio G99,50 MP • Wide • f/1.8 ; 2 MP • Depth • f/2.4,5000,25,"Android 15, One UI 7",https://carisinyal.com/hp/samsung-galaxy-a07/
Samsung Galaxy A07 (4GB/128GB),SAMSUNG,2025,1999000,4,128,Mediatek Helio G99,50 MP • Wide • f/1.8 ; 2 MP • Depth • f/2.4,5000,25,"Android 15, One UI 7",https://carisinyal.com/hp/samsung-galaxy-a07/
Samsung Galaxy A07 (6GB/128GB),SAMSUNG,2025,2249000,6,128,Mediatek Helio G99,50 MP • Wide • f/1.8 ; 2 MP • Depth • f/2.4,5000,25,"Android 15, One UI 7",https://carisinyal.com/hp/samsung-galaxy-a07/
Samsung Galaxy A07 (8GB/256GB),SAMSUNG,2025,2699000,8,256,Mediatek Helio G99,50 MP • Wide • f/1.8 ; 2 MP • Depth • f/2.4,5000,25,"Android 15, One UI 7",https://carisinyal.com/hp/samsung-galaxy-a07/
Samsung Galaxy Z Flip7 (12GB/256GB),SAMSUNG,2025,14499000,12,256,Exynos 2500,50 MP • Wide • f/1.8 ; 12 MP • Ultrawide • f/2.2,4300,25,"Android 16, OneUI 8",https://carisinyal.com/hp/samsung-galaxy-z-flip7/
Samsung Galaxy Z Flip7 (12GB/512GB),SAMSUNG,2025,15999000,12,512,Exynos 2500,50 MP • Wide • f/1.8 ; 12 MP • Ultrawide • f/2.2,4300,25,"Android 16, OneUI 8",https://carisinyal.com/hp/samsung-galaxy-z-flip7/
Samsung Galaxy Z Fold7 5G (12GB/256GB),SAMSUNG,2025,22999000,12,256,Qualcomm Snapdragon 8 Elite,200 MP • Wide • f/1.7 ; 10 MP • Telephoto • f/2.4 ; 12 MP • Ultrawide • f/2.2,4400,25,"Android 16, One UI 8",https://carisinyal.com/hp/samsung-galaxy-z-fold7-5g/
Samsung Galaxy Z Fold7 5G (12GB/512GB),SAMSUNG,2025,24999000,12,512,Qualcomm Snapdragon 8 Elite,200 MP • Wide • f/1.7 ; 10 MP • Telephoto • f/2.4 ; 12 MP • Ultrawide • f/2.2,4400,25,"Android 16, One UI 8",https://carisinyal.com/hp/samsung-galaxy-z-fold7-5g/
Samsung Galaxy Z Fold7 5G (16GB/1024GB),SAMSUNG,2025,27999000,16,1024,Qualcomm Snapdragon 8 Elite,200 MP • Wide • f/1.7 ; 10 MP • Telephoto • f/2.4 ; 12 MP • Ultrawide • f/2.2,4400,25,"Android 16, One UI 8",https://carisinyal.com/hp/samsung-galaxy-z-fold7-5g/
Samsung Galaxy S25 Edge (12GB/512GB),SAMSUNG,2025,13499000,12,512,Qualcomm Snapdragon 8 Elite,200 MP • Wide • f/1.7 ; 12 MP • Ultrawide • f/2.2,3900,25,"Android 15, One UI 7",https://carisinyal.com/hp/samsung-galaxy-s25-edge/
Samsung Galaxy Tab S10 FE+ 5G (12GB/256GB),SAMSUNG,2025,9999000,12,256,Exynos 1580,13 MP • Wide • f/2.0,10090,45,"Android 15, One UI 7",https://carisinyal.com/hp/samsung-galaxy-tab-s10-fe-plus-5g/
Samsung Galaxy Tab S10 FE 5G (8GB/128GB),SAMSUNG,2025,6999000,8,128,Exynos 1580,13 MP • Wide • f/2.0,8000,45,"Android 15, One UI 7",https://carisinyal.com/hp/samsung-galaxy-tab-s10-fe-5g/
Samsung Galaxy A26 5G (8GB/128GB),SAMSUNG,2025,3599000,8,128,Exynos 1380,50 MP • Wide • f/1.8 ; 8 MP • Ultrawide • f/2.2 ; 2 MP • Macro • f/2.4,5000,25,"Android 15, One UI 7",https://carisinyal.com/hp/samsung-galaxy-a26/
Samsung Galaxy A26 5G (8GB/256GB),SAMSUNG,2025,3999000,8,256,Exynos 1380,50 MP • Wide • f/1.8 ; 8 MP • Ultrawide • f/2.2 ; 2 MP • Macro • f/2.4,5000,25,"Android 15, One UI 7",https://carisinyal.com/hp/samsung-galaxy-a26/
Samsung Galaxy Tab S10 FE+ WiFi (12GB/256GB),SAMSUNG,2025,7999000,12,256,Exynos 1580,13 MP • Wide • f/2.0,10090,45,"Android 15, One UI 7",https://carisinyal.com/hp/samsung-galaxy-tab-s10-fe-plus/
Samsung Galaxy Tab S10 FE WiFi (8GB/128GB),SAMSUNG,2025,5999000,8,128,Exynos 1580,13 MP • Wide • f/2.0,8000,45,"Android 15, One UI 7",https://carisinyal.com/hp/samsung-galaxy-tab-s10-fe/
Samsung Galaxy A36 5G (8GB/256GB),SAMSUNG,2025,4699000,8,256,Qualcomm Snapdragon 6 Gen 3,50 MP • Wide • f/1.8 ; 8 MP • Ultrawide • f/2.2 ; 5 MP • Macro • f/2.4,5000,45,"Android 15, OneUI 7",https://carisinyal.com/hp/samsung-galaxy-a36/
Samsung Galaxy A36 5G (12GB/256GB),SAMSUNG,2025,4999000,12,256,Qualcomm Snapdragon 6 Gen 3,50 MP • Wide • f/1.8 ; 8 MP • Ultrawide • f/2.2 ; 5 MP • Macro • f/2.4,5000,45,"Android 15, OneUI 7",https://carisinyal.com/hp/samsung-galaxy-a36/
Samsung Galaxy A56 5G (8GB/256GB),SAMSUNG,2025,5899000,8,256,Exynos 1580,50 MP • Wide • f/1.8 ; 12 MP • Ultrawide • f/2.2 ; 5 MP • Macro • f/2.4,5000,45,"Android 15, OneUI",https://carisinyal.com/hp/samsung-galaxy-a56/
Samsung Galaxy A56 5G (12GB/256GB),SAMSUNG,2025,6299000,12,256,Exynos 1580,50 MP • Wide • f/1.8 ; 12 MP • Ultrawide • f/2.2 ; 5 MP • Macro • f/2.4,5000,45,"Android 15, OneUI",https://carisinyal.com/hp/samsung-galaxy-a56/
Samsung Galaxy S25 Ultra (12GB/256GB),SAMSUNG,2025,16499000,12,256,Qualcomm Snapdragon 8 Elite,200 MP • Wide • f/1.7 ; 50 MP • Ultrawide • f/2.0 ; 10 MP • Telephoto • f/2.4 ; 50 MP • Periscope Telephoto • f/3.4,5000,45,"Android 15, One UI 7",https://carisinyal.com/hp/samsung-galaxy-s25-ultra/
Samsung Galaxy S25 Ultra (12GB/512GB),SAMSUNG,2025,18499000,12,512,Qualcomm Snapdragon 8 Elite,200 MP • Wide • f/1.7 ; 50 MP • Ultrawide • f/2.0 ; 10 MP • Telephoto • f/2.4 ; 50 MP • Periscope Telephoto • f/3.4,5000,45,"Android 15, One UI 7",https://carisinyal.com/hp/samsung-galaxy-s25-ultra/
Samsung Galaxy S25 Ultra (12GB/1024GB),SAMSUNG,2025,24499000,12,1024,Qualcomm Snapdragon 8 Elite,200 MP • Wide • f/1.7 ; 50 MP • Ultrawide • f/2.0 ; 10 MP • Telephoto • f/2.4 ; 50 MP • Periscope Telephoto • f/3.4,5000,45,"Android 15, One UI 7",https://carisinyal.com/hp/samsung-galaxy-s25-ultra/
Samsung Galaxy S25+ (12GB/256GB),SAMSUNG,2025,14699000,12,256,Qualcomm Snapdragon 8 Elite,50 MP • Wide • f/1.8 ; 12 MP • Ultrawide • f/2.2 ; 10 MP • Telephoto • f/2.4,4900,45,"Android 15, One UI 7",https://carisinyal.com/hp/samsung-galaxy-s25-plus/
Samsung Galaxy S25+ (12GB/512GB),SAMSUNG,2025,15999000,12,512,Qualcomm Snapdragon 8 Elite,50 MP • Wide • f/1.8 ; 12 MP • Ultrawide • f/2.2 ; 10 MP • Telephoto • f/2.4,4900,45,"Android 15, One UI 7",https://carisinyal.com/hp/samsung-galaxy-s25-plus/
Samsung Galaxy S25 (12GB/256GB),SAMSUNG,2025,12499000,12,256,Qualcomm Snapdragon 8 Elite,50 MP • Wide • f/1.8 ; 12 MP • Ultrawide • f/2.2 ; 10 MP • Telephoto • f/2.4,4000,25,"Android 15, One UI 7",https://carisinyal.com/hp/samsung-galaxy-s25/
Samsung Galaxy S25 (12GB/512GB),SAMSUNG,2025,14199000,12,512,Qualcomm Snapdragon 8 Elite,50 MP • Wide • f/1.8 ; 12 MP • Ultrawide • f/2.2 ; 10 MP • Telephoto • f/2.4,4000,25,"Android 15, One UI 7",https://carisinyal.com/hp/samsung-galaxy-s25/
Samsung Galaxy A16 (8GB/128GB),SAMSUNG,2024,2499000,8,128,MediaTek Helio G99,50 MP • Wide • f/1.8 ; 5 MP • Ultrawide • f/2.2 ; 2 MP • Macro • f/2.4,5000,25,"Android 14, One UI 6.1",https://carisinyal.com/hp/samsung-galaxy-a16/
Samsung Galaxy A16 (8GB/256GB),SAMSUNG,2024,2799000,8,256,MediaTek Helio G99,50 MP • Wide • f/1.8 ; 5 MP • Ultrawide • f/2.2 ; 2 MP • Macro • f/2.4,5000,25,"Android 14, One UI 6.1",https://carisinyal.com/hp/samsung-galaxy-a16/
Samsung Galaxy A16 5G (8GB/256GB),SAMSUNG,2024,3199000,8,256,Mediatek Dimensity 6300,50 MP • Wide • f/1.8 ; 5 MP • Ultrawide • f/2.2 ; 2 MP • Macro • f/2.4,5000,25,"Android 14, OneUI 6.1",https://carisinyal.com/hp/samsung-galaxy-a16-5g/
Samsung Galaxy XCover7 (6GB/128GB),SAMSUNG,2024,4999000,6,128,MediaTek Dimensity 6100+,50 MP • Wide • f/1.8,4050,15,"Android 14, One UI 6",https://carisinyal.com/hp/samsung-galaxy-xcover-7/
Samsung Galaxy Tab Active5 (8GB/128GB),SAMSUNG,2024,8999000,8,128,Exynos 1380,13 MP • Wide • f/1.9,5050,15,"Android 14, One UI 6",https://carisinyal.com/hp/samsung-galaxy-tab-active5/
TECNO Camon 50 Pro 5G (8GB/256GB),TECNO,2026,5599000,8,256,Mediatek Dimensity 7400 Ultimate,50 MP • Wide • f/1.8 ; 50 MP • Telephoto • f/2.4 ; 8 MP • Ultrawide • f/2.2,6500,45,"Android 16, HIOS 16",https://carisinyal.com/hp/tecno-camon-50-pro-5g/
TECNO Camon 50 Pro 5G (12GB/256GB),TECNO,2026,6099000,12,256,Mediatek Dimensity 7400 Ultimate,50 MP • Wide • f/1.8 ; 50 MP • Telephoto • f/2.4 ; 8 MP • Ultrawide • f/2.2,6500,45,"Android 16, HIOS 16",https://carisinyal.com/hp/tecno-camon-50-pro-5g/
TECNO Camon 50 Pro 5G (12GB/512GB),TECNO,2026,7099000,12,512,Mediatek Dimensity 7400 Ultimate,50 MP • Wide • f/1.8 ; 50 MP • Telephoto • f/2.4 ; 8 MP • Ultrawide • f/2.2,6500,45,"Android 16, HIOS 16",https://carisinyal.com/hp/tecno-camon-50-pro-5g/
TECNO Camon 50 (8GB/128GB),TECNO,2026,3799000,8,128,MediaTek Helio G200 Ultimate,50 MP • Wide • f/1.8 ; 8 MP • Ultrawide • f/2.2,6500,45,"Android 16, HiOS 16",https://carisinyal.com/hp/tecno-camon-50/
TECNO Camon 50 (8GB/256GB),TECNO,2026,4299000,8,256,MediaTek Helio G200 Ultimate,50 MP • Wide • f/1.8 ; 8 MP • Ultrawide • f/2.2,6500,45,"Android 16, HiOS 16",https://carisinyal.com/hp/tecno-camon-50/
TECNO Camon 50 (12GB/256GB),TECNO,2026,4899000,12,256,MediaTek Helio G200 Ultimate,50 MP • Wide • f/1.8 ; 8 MP • Ultrawide • f/2.2,6500,45,"Android 16, HiOS 16",https://carisinyal.com/hp/tecno-camon-50/
Tecno Megapad SE (4GB/128GB),TECNO,2026,2399000,4,128,Qualcomm Snapdragon 685,8 MP • Wide,8000,18,"Android 15, HiOS",https://carisinyal.com/hp/tecno-megapad-se/
Tecno Megapad SE (8GB/128GB),TECNO,2026,2799000,8,128,Qualcomm Snapdragon 685,8 MP • Wide,8000,18,"Android 15, HiOS",https://carisinyal.com/hp/tecno-megapad-se/
Tecno Megapad SE (8GB/256GB),TECNO,2026,3199000,8,256,Qualcomm Snapdragon 685,8 MP • Wide,8000,18,"Android 15, HiOS",https://carisinyal.com/hp/tecno-megapad-se/
TECNO Spark Go 3 (4GB/64GB),TECNO,2026,1549000,4,64,UNISOC T7250,13 MP • Wide,5000,15,"Android 15, HIOS 15",https://carisinyal.com/hp/tecno-spark-go-3/
TECNO Spark Go 3 (4GB/128GB),TECNO,2026,1649000,4,128,UNISOC T7250,13 MP • Wide,5000,15,"Android 15, HIOS 15",https://carisinyal.com/hp/tecno-spark-go-3/
Tecno Spark 40 (6GB/128GB),TECNO,2025,1999000,6,128,MediaTek Helio G91,50 MP • Wide • f/1.6,5200,45,"Android 15, HiOS 15",https://carisinyal.com/hp/tecno-spark-40/
Tecno Spark 40 (8GB/256GB),TECNO,2025,2199000,8,256,MediaTek Helio G91,50 MP • Wide • f/1.6,5200,45,"Android 15, HiOS 15",https://carisinyal.com/hp/tecno-spark-40/
Tecno Spark 40 Pro+ (8GB/128GB),TECNO,2025,2699000,8,128,MediaTek Helio G200,50 MP • Wide • f/1.9 ; AI,5200,45,"Android 15, HIOS 15",https://carisinyal.com/hp/tecno-spark-40-pro-plus/
Tecno Spark 40 Pro+ (8GB/256GB),TECNO,2025,2899000,8,256,MediaTek Helio G200,50 MP • Wide • f/1.9 ; AI,5200,45,"Android 15, HIOS 15",https://carisinyal.com/hp/tecno-spark-40-pro-plus/
Tecno Spark 40 Pro (8GB/128GB),TECNO,2025,2499000,8,128,MediaTek Helio G100,50 MP • Wide • f/1.6 ; AI,5200,45,"Android 15, HIOS 15",https://carisinyal.com/hp/tecno-spark-40-pro/
Tecno POVA 7 Ultra 5G (12GB/256GB),TECNO,2025,4999000,12,256,MediaTek Dimensity 8350 Ultimate,108 MP • Wide ; 8 MP • Ultrawide,6000,70,"Android 15, HiOS 15 for POVA",https://carisinyal.com/hp/tecno-pova-7-ultra-5g/
Tecno POVA 7 5G (8GB/128GB),TECNO,2025,3099900,8,128,Mediatek Dimensity 7300 Ultimate,50 MP • Wide • f/1.6,6000,45,"Android 15, HiOS 15 for POVA",https://carisinyal.com/hp/tecno-pova-7-5g/
Tecno POVA 7 5G (8GB/256GB),TECNO,2025,3399000,8,256,Mediatek Dimensity 7300 Ultimate,50 MP • Wide • f/1.6,6000,45,"Android 15, HiOS 15 for POVA",https://carisinyal.com/hp/tecno-pova-7-5g/
Tecno POVA Curve 5G (8GB/256GB),TECNO,2025,3199000,8,256,MediaTek Dimensity 7300 Ultimate,64 MP • Wide • f/1.8 ; Depth,5500,45,"Android 15, HIOS 15",https://carisinyal.com/hp/tecno-pova-curve/
Tecno POVA 7 (8GB/128GB),TECNO,2025,2699000,8,128,MediaTek Helio G100 Ultimate,108 MP • Wide • f/1.8 ; 2 MP • Macro,7000,45,"Android 15, HiOS 15",https://carisinyal.com/hp/tecno-pova-7/
Tecno POVA 7 (8GB/256GB),TECNO,2025,2999000,8,256,MediaTek Helio G100 Ultimate,108 MP • Wide • f/1.8 ; 2 MP • Macro,7000,45,"Android 15, HiOS 15",https://carisinyal.com/hp/tecno-pova-7/
Tecno MegaPad 11 (8GB/128GB),TECNO,2024,2699000,8,128,MediaTek Helio G99,13 MP • Wide,8000,18,Android 14,https://carisinyal.com/hp/tecno-megapad-11/
Tecno MegaPad 11 (8GB/256GB),TECNO,2024,2999000,8,256,MediaTek Helio G99,13 MP • Wide,8000,18,Android 14,https://carisinyal.com/hp/tecno-megapad-11/
vivo V70 FE (8GB/256GB),VIVO,2026,6499000,8,256,MediaTek Dimensity 7360 Turbo,200 MP • Wide • f/1.88 ; 8 MP • Ultrawide • f/2.2,7000,90,"Android 16, OriginOS 6",https://carisinyal.com/hp/vivo-v70-fe/
vivo V70 FE (12GB/256GB),VIVO,2026,7199000,12,256,MediaTek Dimensity 7360 Turbo,200 MP • Wide • f/1.88 ; 8 MP • Ultrawide • f/2.2,7000,90,"Android 16, OriginOS 6",https://carisinyal.com/hp/vivo-v70-fe/
vivo V70 FE (8GB/512GB),VIVO,2026,7399000,8,512,MediaTek Dimensity 7360 Turbo,200 MP • Wide • f/1.88 ; 8 MP • Ultrawide • f/2.2,7000,90,"Android 16, OriginOS 6",https://carisinyal.com/hp/vivo-v70-fe/
vivo V70 (12GB/256GB),VIVO,2026,8999000,12,256,Qualcomm Snapdragon 7 Gen 4,50 MP • Wide • f/1.88 ; 50 MP • Periscope Telephoto • f/2.65 ; 8 MP • Ultrawide • f/2.2,6500,90,"Android 16, OriginOS 6",https://carisinyal.com/hp/vivo-v70/
vivo V70 (12GB/512GB),VIVO,2026,10999000,12,512,Qualcomm Snapdragon 7 Gen 4,50 MP • Wide • f/1.88 ; 50 MP • Periscope Telephoto • f/2.65 ; 8 MP • Ultrawide • f/2.2,6500,90,"Android 16, OriginOS 6",https://carisinyal.com/hp/vivo-v70/
vivo Y05 (4GB/64GB),VIVO,2026,1899000,4,64,UNISOC T7225,8 MP • Wide • f/2.0,6500,15,"Android 16, OriginOS 6.0",https://carisinyal.com/hp/vivo-y05/
vivo Y05 (4GB/128GB),VIVO,2026,2099000,4,128,UNISOC T7225,8 MP • Wide • f/2.0,6500,15,"Android 16, OriginOS 6.0",https://carisinyal.com/hp/vivo-y05/
vivo X300 (12GB/256GB),VIVO,2025,14999000,12,256,Mediatek Dimensity 9500,200 MP • Wide • f/1.68 ; 50 MP • Periscope Telephoto • f/2.57 ; 50 MP • Ultrawide • f/2.0,6040,90,"Android 16, OriginOS 6",https://carisinyal.com/hp/vivo-x300/
vivo X300 (16GB/512GB),VIVO,2025,18999000,16,512,Mediatek Dimensity 9500,200 MP • Wide • f/1.68 ; 50 MP • Periscope Telephoto • f/2.57 ; 50 MP • Ultrawide • f/2.0,6040,90,"Android 16, OriginOS 6",https://carisinyal.com/hp/vivo-x300/
vivo X300 Pro (16GB/512GB),VIVO,2025,18999000,16,512,Mediatek Dimensity 9500,50 MP • Wide • f/1.57 ; 200 MP • Periscope Telephoto • f/2.67 ; 50 MP • Ultrawide • f/2.0,6510,90,"Android 16, OriginOS 6",https://carisinyal.com/hp/vivo-x300-pro/
vivo Y21d (4GB/128GB),VIVO,2025,2399000,4,128,Unisoc T7225,50 MP • Wide • f/1.8 ; 0.08 MP • Depth • f/3.0,6500,44,"Android 15, Funtouch OS 15",https://carisinyal.com/hp/vivo-y21d/
vivo Y21d (6GB/128GB),VIVO,2025,2799000,6,128,Unisoc T7225,50 MP • Wide • f/1.8 ; 0.08 MP • Depth • f/3.0,6500,44,"Android 15, Funtouch OS 15",https://carisinyal.com/hp/vivo-y21d/
vivo Y21d (8GB/128GB),VIVO,2025,2999000,8,128,Unisoc T7225,50 MP • Wide • f/1.8 ; 0.08 MP • Depth • f/3.0,6500,44,"Android 15, Funtouch OS 15",https://carisinyal.com/hp/vivo-y21d/
vivo Y21d (6GB/256GB),VIVO,2025,3199000,6,256,Unisoc T7225,50 MP • Wide • f/1.8 ; 0.08 MP • Depth • f/3.0,6500,44,"Android 15, Funtouch OS 15",https://carisinyal.com/hp/vivo-y21d/
vivo V60 Lite 5G (8GB/256GB),VIVO,2025,5999000,8,256,MediaTek Dimensity 7360,50 MP • Wide • f/1.79 ; 8 MP • Ultrawide • f/2.2,6500,90,"Android 15, FuntouchOS 15",https://carisinyal.com/hp/vivo-v60-lite-5g/
vivo V60 Lite 5G (12GB/512GB),VIVO,2025,6999000,12,512,MediaTek Dimensity 7360,50 MP • Wide • f/1.79 ; 8 MP • Ultrawide • f/2.2,6500,90,"Android 15, FuntouchOS 15",https://carisinyal.com/hp/vivo-v60-lite-5g/
vivo V60 Lite (8GB/128GB),VIVO,2025,4699000,8,128,Qualcomm Snapdragon 685,50 MP • Wide • f/1.79 ; 8 MP • Ultrawide • f/2.2,6500,90,"Android 15, Funtouch 15",https://carisinyal.com/hp/vivo-v60-lite/
vivo V60 Lite (8GB/256GB),VIVO,2025,5299000,8,256,Qualcomm Snapdragon 685,50 MP • Wide • f/1.79 ; 8 MP • Ultrawide • f/2.2,6500,90,"Android 15, Funtouch 15",https://carisinyal.com/hp/vivo-v60-lite/
vivo X Fold5 (16GB/512GB),VIVO,2025,24999000,16,512,Qualcomm Snapdragon 8 Gen 3,50 MP • Wide • f/1.6 ; 50 MP • Periscope Telephoto • f/2.6 ; 50 MP • Ultrawide • f/2.1,6000,80,"Android 15, Funtouch 15",https://carisinyal.com/hp/vivo-x-fold5/
vivo V60 (8GB/256GB),VIVO,2025,6999000,8,256,Qualcomm Snapdragon 7 Gen 4,50 MP • Wide • f/1.9 ; 50 MP • Periscope Telephoto • f/2.7 ; 8 MP • Ultrawide • f/2.0,6500,90,"Android 15, Funtouch 15",https://carisinyal.com/hp/vivo-v60/
vivo V60 (12GB/256GB),VIVO,2025,7499000,12,256,Qualcomm Snapdragon 7 Gen 4,50 MP • Wide • f/1.9 ; 50 MP • Periscope Telephoto • f/2.7 ; 8 MP • Ultrawide • f/2.0,6500,90,"Android 15, Funtouch 15",https://carisinyal.com/hp/vivo-v60/
vivo V60 (12GB/512GB),VIVO,2025,8499000,12,512,Qualcomm Snapdragon 7 Gen 4,50 MP • Wide • f/1.9 ; 50 MP • Periscope Telephoto • f/2.7 ; 8 MP • Ultrawide • f/2.0,6500,90,"Android 15, Funtouch 15",https://carisinyal.com/hp/vivo-v60/
vivo Y400 (8GB/128GB),VIVO,2025,3499000,8,128,Qualcomm Snapdragon 685,50 MP • Wide • f/1.8 ; 2 MP • Depth • f/2.4,6000,44,"Android 15, Funtouch OS 15",https://carisinyal.com/hp/vivo-y400/
vivo Y400 (8GB/256GB),VIVO,2025,3899000,8,256,Qualcomm Snapdragon 685,50 MP • Wide • f/1.8 ; 2 MP • Depth • f/2.4,6000,44,"Android 15, Funtouch OS 15",https://carisinyal.com/hp/vivo-y400/
vivo Y04s (4GB/64GB),VIVO,2025,1399000,4,64,UNISOC T7225,13 MP • Wide • f/2.2 ; 0.1 MP • Depth • f/3.0,6000,15,"Android 14, Funtouch 14",https://carisinyal.com/hp/vivo-y04/
vivo Y04s (4GB/128GB),VIVO,2025,1699000,4,128,UNISOC T7225,13 MP • Wide • f/2.2 ; 0.1 MP • Depth • f/3.0,6000,15,"Android 14, Funtouch 14",https://carisinyal.com/hp/vivo-y04/
vivo Y19sGT 5G (6GB/128GB),VIVO,2025,2199000,6,128,Mediatek Dimensity 6300,50 MP • Wide • f/1.8 ; 2 MP • Depth,5500,15,"Android 15, Funtouch 15",https://carisinyal.com/hp/vivo-y19s-gt/
vivo Y19sGT 5G (8GB/128GB),VIVO,2025,2499000,8,128,Mediatek Dimensity 6300,50 MP • Wide • f/1.8 ; 2 MP • Depth,5500,15,"Android 15, Funtouch 15",https://carisinyal.com/hp/vivo-y19s-gt/
vivo Y19sGT 5G (8GB/256GB),VIVO,2025,2799000,8,256,Mediatek Dimensity 6300,50 MP • Wide • f/1.8 ; 2 MP • Depth,5500,15,"Android 15, Funtouch 15",https://carisinyal.com/hp/vivo-y19s-gt/
vivo Y19s Pro (4GB/64GB),VIVO,2025,1599000,4,64,UNISOC T612,50 MP • Wide • f/1.8 ; AI • f/3.0,6000,44,"Android 15, Funtouch 15",https://carisinyal.com/hp/vivo-y19s-pro/
vivo Y19s Pro (4GB/128GB),VIVO,2025,1799000,4,128,UNISOC T612,50 MP • Wide • f/1.8 ; AI • f/3.0,6000,44,"Android 15, Funtouch 15",https://carisinyal.com/hp/vivo-y19s-pro/
vivo Y19s Pro (6GB/128GB),VIVO,2025,1999000,6,128,UNISOC T612,50 MP • Wide • f/1.8 ; AI • f/3.0,6000,44,"Android 15, Funtouch 15",https://carisinyal.com/hp/vivo-y19s-pro/
vivo V50 Lite 5G (8GB/256GB),VIVO,2025,4099000,8,256,MediaTek Dimensity 6300,50 MP • Wide • f/1.8 ; 8 MP • Ultrawide • f/2.2,6500,90,"Android 15, Funtouch 15",https://carisinyal.com/hp/vivo-v50-lite-5g/
vivo V50 Lite 5G (12GB/512GB),VIVO,2025,5099000,12,512,MediaTek Dimensity 6300,50 MP • Wide • f/1.8 ; 8 MP • Ultrawide • f/2.2,6500,90,"Android 15, Funtouch 15",https://carisinyal.com/hp/vivo-v50-lite-5g/
vivo V50 Lite 4G (8GB/128GB),VIVO,2025,3299000,8,128,Qualcomm Snapdragon 685,50 MP • Wide • f/1.8 ; 2 MP • Depth • f/2.4,6500,90,"Android 15, Funtouch 15",https://carisinyal.com/hp/vivo-v50-lite-4g/
vivo V50 Lite 4G (8GB/256GB),VIVO,2025,3699000,8,256,Qualcomm Snapdragon 685,50 MP • Wide • f/1.8 ; 2 MP • Depth • f/2.4,6500,90,"Android 15, Funtouch 15",https://carisinyal.com/hp/vivo-v50-lite-4g/
vivo V50 (8GB/256GB),VIVO,2025,5499000,8,256,Qualcomm Snapdragon 7 Gen 3,50 MP • Wide • f/1.88 ; 50 MP • Ultrawide • f/2.0,6000,90,"Android 15, Funtouch 15",https://carisinyal.com/hp/vivo-v50/
vivo V50 (12GB/256GB),VIVO,2025,5999000,12,256,Qualcomm Snapdragon 7 Gen 3,50 MP • Wide • f/1.88 ; 50 MP • Ultrawide • f/2.0,6000,90,"Android 15, Funtouch 15",https://carisinyal.com/hp/vivo-v50/
vivo V50 (12GB/512GB),VIVO,2025,6999000,12,512,Qualcomm Snapdragon 7 Gen 3,50 MP • Wide • f/1.88 ; 50 MP • Ultrawide • f/2.0,6000,90,"Android 15, Funtouch 15",https://carisinyal.com/hp/vivo-v50/
vivo Y29 (6GB/128GB),VIVO,2025,2699000,6,128,Qualcomm Snapdragon 685,50 MP • Wide • f/1.8 ; 2 MP • Depth • f/2.4,6500,44,"Android 15, Funtouch OS 15",https://carisinyal.com/hp/vivo-y29-5g/
vivo Y29 (8GB/128GB),VIVO,2025,2999000,8,128,Qualcomm Snapdragon 685,50 MP • Wide • f/1.8 ; 2 MP • Depth • f/2.4,6500,44,"Android 15, Funtouch OS 15",https://carisinyal.com/hp/vivo-y29-5g/
vivo Y29 (8GB/256GB),VIVO,2025,3299000,8,256,Qualcomm Snapdragon 685,50 MP • Wide • f/1.8 ; 2 MP • Depth • f/2.4,6500,44,"Android 15, Funtouch OS 15",https://carisinyal.com/hp/vivo-y29-5g/
vivo Y19s (4GB/64GB),VIVO,2024,1599000,4,64,UNISOC T612,50 MP • Wide • f/1.8 ; AI • f/3.0,5500,15,"Android 14, Funtouch 14",https://carisinyal.com/hp/vivo-y19s/
vivo Y19s (4GB/128GB),VIVO,2024,1799000,4,128,UNISOC T612,50 MP • Wide • f/1.8 ; AI • f/3.0,5500,15,"Android 14, Funtouch 14",https://carisinyal.com/hp/vivo-y19s/
vivo Y19s (6GB/128GB),VIVO,2024,1999000,6,128,UNISOC T612,50 MP • Wide • f/1.8 ; AI • f/3.0,5500,15,"Android 14, Funtouch 14",https://carisinyal.com/hp/vivo-y19s/
vivo V40 Lite 4G (8GB/128GB),VIVO,2024,2699000,8,128,Qualcomm Snapdragon 685,50 MP • Wide • f/1.8 ; 2 MP • Depth • f/2.4,5000,80,"Android 14, Funtouch 14",https://carisinyal.com/hp/vivo-v40-lite/
vivo V40 Lite 4G (8GB/256GB),VIVO,2024,2999000,8,256,Qualcomm Snapdragon 685,50 MP • Wide • f/1.8 ; 2 MP • Depth • f/2.4,5000,80,"Android 14, Funtouch 14",https://carisinyal.com/hp/vivo-v40-lite/
Leica Leitzphone powered by Xiaomi (16GB/1024GB),XIAOMI,2026,29999000,16,1024,Qualcomm Snapdragon 8 Elite Gen 5,50 MP • Wide • f/1.67 ; 200 MP • Periscope Telephoto • f/2.39-f/2.96 ; 50 MP • Ultrawide • f/2.2,6000,90,"Android 16, HyperOS 3",https://carisinyal.com/hp/xiaomi-17-ultra-leica-edition/
Xiaomi 17 Ultra (16GB/512GB),XIAOMI,2026,19999000,16,512,Qualcomm Snapdragon 8 Elite Gen 5,50 MP • Wide • f/1.67 ; 200 MP • Periscope Telephoto • f/2.39-f/2.96 ; 50 MP • Ultrawide • f/2.2,6000,90,"Android 16, HyperOS 3",https://carisinyal.com/hp/xiaomi-17-ultra/
Xiaomi 17 Ultra (16GB/1024GB),XIAOMI,2026,22999000,16,1024,Qualcomm Snapdragon 8 Elite Gen 5,50 MP • Wide • f/1.67 ; 200 MP • Periscope Telephoto • f/2.39-f/2.96 ; 50 MP • Ultrawide • f/2.2,6000,90,"Android 16, HyperOS 3",https://carisinyal.com/hp/xiaomi-17-ultra/
Xiaomi 17 (12GB/256GB),XIAOMI,2026,14999000,12,256,Qualcomm Snapdragon 8 Elite Gen 5,50 MP • Wide • f/1.67 ; 50 MP • Telephoto • f/2.0 ; 50 MP • Ultrawide • f/2.4,6330,100,"Android 16, HyperOS 3",https://carisinyal.com/hp/xiaomi-17/
Xiaomi 17 (12GB/512GB),XIAOMI,2026,15999000,12,512,Qualcomm Snapdragon 8 Elite Gen 5,50 MP • Wide • f/1.67 ; 50 MP • Telephoto • f/2.0 ; 50 MP • Ultrawide • f/2.4,6330,100,"Android 16, HyperOS 3",https://carisinyal.com/hp/xiaomi-17/
Xiaomi Pad 8 (8GB/256GB),XIAOMI,2026,7499000,8,256,Qualcomm Snapdragon 8s Gen 4,13 MP • Wide • f/2.2,9200,45,"Android 16, HyperOS 3",https://carisinyal.com/hp/xiaomi-pad-8/
Xiaomi Pad 8 Pro (8GB/256GB),XIAOMI,2026,9499000,8,256,Qualcomm Snapdragon 8 Elite,50 MP • Wide • f/1.8,9200,67,"Android 16, HyperOS 3",https://carisinyal.com/hp/xiaomi-pad-8-pro/
Xiaomi Pad 8 Pro (12GB/512GB),XIAOMI,2026,11499000,12,512,Qualcomm Snapdragon 8 Elite,50 MP • Wide • f/1.8,9200,67,"Android 16, HyperOS 3",https://carisinyal.com/hp/xiaomi-pad-8-pro/
Xiaomi 15T Pro (12GB/512GB),XIAOMI,2025,10499000,12,512,Mediatek Dimensity 9400+,50 MP • Wide • f/1.62 ; 50 MP • Periscope Telephoto • f/3.0 ; 12 MP • Ultrawide • f/2.2,5500,90,"Android 15, HyperOS 2",https://carisinyal.com/hp/xiaomi-15t-pro/
Xiaomi 15T Pro (12GB/1024GB),XIAOMI,2025,11499000,12,1024,Mediatek Dimensity 9400+,50 MP • Wide • f/1.62 ; 50 MP • Periscope Telephoto • f/3.0 ; 12 MP • Ultrawide • f/2.2,5500,90,"Android 15, HyperOS 2",https://carisinyal.com/hp/xiaomi-15t-pro/
Xiaomi 15T (12GB/256GB),XIAOMI,2025,6999000,12,256,Mediatek Dimensity 8400 Ultra,50 MP • Wide • f/1.7 ; 50 MP • Telephoto • f/1.9 ; 12 MP • Ultrawide • f/2.2,5500,67,"Android 15, HyperOS 3",https://carisinyal.com/hp/xiaomi-15t/
Xiaomi 15T (12GB/512GB),XIAOMI,2025,7999000,12,512,Mediatek Dimensity 8400 Ultra,50 MP • Wide • f/1.7 ; 50 MP • Telephoto • f/1.9 ; 12 MP • Ultrawide • f/2.2,5500,67,"Android 15, HyperOS 3",https://carisinyal.com/hp/xiaomi-15t/
Xiaomi 15 Ultra (16GB/512GB),XIAOMI,2025,16999000,16,512,Qualcomm Snapdragon 8 Elite,50 MP • Wide • f/1.6 ; 50 MP • Ultrawide • f/2.2 ; 50 MP • Telephoto • f/1.8 ; 200 MP • Periscope Telephoto • f/2.6,5410,90,"Android 15, HyperOS 2",https://carisinyal.com/hp/xiaomi-15-ultra/
Xiaomi 15 Ultra (16GB/1024GB),XIAOMI,2025,19999000,16,1024,Qualcomm Snapdragon 8 Elite,50 MP • Wide • f/1.6 ; 50 MP • Ultrawide • f/2.2 ; 50 MP • Telephoto • f/1.8 ; 200 MP • Periscope Telephoto • f/2.6,5410,90,"Android 15, HyperOS 2",https://carisinyal.com/hp/xiaomi-15-ultra/
Xiaomi 15 (12GB/256GB),XIAOMI,2024,11999000,12,256,Qualcomm Snapdragon 8 Elite,50 MP • Wide • f/1.6 ; 50 MP • Ultrawide • f/2.2 ; 50 MP • Telephoto • f/2.0,5240,90,"Android 15, HyperOS 2",https://carisinyal.com/hp/xiaomi-15/
Xiaomi 15 (12GB/512GB),XIAOMI,2024,12999000,12,512,Qualcomm Snapdragon 8 Elite,50 MP • Wide • f/1.6 ; 50 MP • Ultrawide • f/2.2 ; 50 MP • Telephoto • f/2.0,5240,90,"Android 15, HyperOS 2",https://carisinyal.com/hp/xiaomi-15/
Xiaomi Pad 7 Pro (12GB/512GB),XIAOMI,2024,7499000,12,512,Qualcomm Snapdragon 8s Gen 3,50 MP • Wide • f/2.2 ; 2 MP • Depth • f/2.4,8850,67,"Android 15, HyperOS 2",https://carisinyal.com/hp/xiaomi-pad-7-pro/
Xiaomi Pad 7 (8GB/256GB),XIAOMI,2024,5499000,8,256,Qualcomm Snapdragon 7+ Gen 3,13 MP • Wide • f/2.2,8850,45,"Android 15, HyperOS 2",https://carisinyal.com/hp/xiaomi-pad-7/
Xiaomi 14 (12GB/256GB),XIAOMI,2024,11999000,12,256,Qualcomm Snapdragon 8 Gen 3,50 MP • Wide • f/1.6 ; 50 MP • Ultrawide • f/2.2 ; 50 MP • Telephoto • f/2.0,4610,90,"Android 14, HyperOS",https://carisinyal.com/hp/xiaomi-14/
nubia A76 5G (8GB/128GB),ZTE,2025,2099000,8,128,UNISOC T8300,50 MP • Wide • f/1.8 ; AI,5000,5,"Android 15, MyOS 15",https://carisinyal.com/hp/zte-blade-a76/
